"KB_ID","Title","Issue_Title","System","Category","Keywords","Approved_Answer","Required_Information","Followup_Question","Action_Type","Escalation_Rule","Owner","Review_Status","Is_Active"
"KB-001","KB-001","ขอปลดล็อก User ในระบบ DSS","DSS","Access & Identity","DSS, Access & Identity, ขอปลดล็อก User  DSS, IT Helpdesk","กรุณาเปิดคำขอผ่าน SysAid โดยเลือกหัวข้อ “ขอปลดล็อกบนระบบ DSS” และแนบ Agent, Source และชื่อ-นามสกุล","Agent; Source; ชื่อ-นามสกุล","กรุณาแจ้ง: Agent; Source; ชื่อ-นามสกุล","Service Request","เปิดเคสและส่งต่อ IT Helpdesk","IT Helpdesk","Approved","Active"
"KB-002","KB-002","ขอ Reset Password ในระบบ DSS","DSS","Access & Identity","DSS, Access & Identity, ขอ Reset Password  DSS, IT Helpdesk","กรุณาเปิดคำขอผ่าน SysAid โดยเลือกหัวข้อ “เปลี่ยน Password บนระบบ DSS” และแนบ Agent, Source และชื่อ-นามสกุล","Agent; Source; ชื่อ-นามสกุล","กรุณาแจ้ง: Agent; Source; ชื่อ-นามสกุล","Service Request","เปิดเคสและส่งต่อ IT Helpdesk","IT Helpdesk","Approved","Active"
"KB-003","KB-003","ขอ User และ Password เพื่อเข้าใช้งานระบบ DSS","DSS","Access & Identity","DSS, Access & Identity, ขอ User และ Password เพื่อเข้าใช้งาน DSS, IT Helpdesk","กรุณาเปิดคำขอผ่าน SysAid โดยเลือกหัวข้อ “ขอเปิดใช้งานระบบ DSS เพื่อขายงาน” พร้อมแนบ Agent, Source, ชื่อ-นามสกุล, เบอร์โทรศัพท์, Email และเอกสารขอใช้งาน","Agent; Source; ชื่อ-นามสกุล; เบอร์โทรศัพท์; Email; เอกสารขอใช้งานระบบ DSS","กรุณาแจ้ง: Agent; Source; ชื่อ-นามสกุล; เบอร์โทรศัพท์; Email; เอกสารขอใช้งานระบบ DSS","Service Request","เปิดเคสและส่งต่อ IT Helpdesk","IT Helpdesk","Approved","Active"
"KB-004","KB-004","เปลี่ยนเบอร์โทรศัพท์เพื่อรับ OTP เข้าสู่ระบบ DSS","DSS","Access & Identity","DSS, Access & Identity, เปลี่ยนเบอร์โทรศัพท์เพื่อรับ OTP เข้าสู่ DSS, IT Helpdesk","กรุณาเปิดคำขอผ่าน SysAid โดยเลือกหัวข้อ “แก้ไขเบอร์ส่ง OTP บนระบบ DSS” พร้อมแนบข้อมูลที่จำเป็น","Agent; Source; ชื่อ-นามสกุล; เบอร์โทรศัพท์ใหม่","กรุณาแจ้ง: Agent; Source; ชื่อ-นามสกุล; เบอร์โทรศัพท์ใหม่","Service Request","เปิดเคสและส่งต่อ IT Helpdesk","IT Helpdesk","Approved","Active"
"KB-005","KB-005","เปลี่ยน Email เพื่อรับ OTP เข้าสู่ระบบ DSS","DSS","Access & Identity","DSS, Access & Identity, เปลี่ยน Email เพื่อรับ OTP เข้าสู่ DSS, IT Helpdesk","กรุณาเปิดคำขอผ่าน SysAid โดยเลือกหัวข้อ “แก้ไข Email ส่ง OTP บนระบบ DSS” พร้อมแนบข้อมูลที่จำเป็น","Agent; Source; ชื่อ-นามสกุล; Email ใหม่","กรุณาแจ้ง: Agent; Source; ชื่อ-นามสกุล; Email ใหม่","Service Request","เปิดเคสและส่งต่อ IT Helpdesk","IT Helpdesk","Approved","Active"
"KB-006","KB-006","เบี้ยประกันไม่ขึ้นในระบบ DSS","DSS","Master Data & Underwriting","DSS, Master Data & Underwriting, เบี้ยประกันไม่ขึ้น DSS, ฝ่ายรับประกันภัยรถยนต์","รายการนี้อยู่ในความรับผิดชอบของฝ่ายรับประกันภัยรถยนต์ กรุณาส่งรายละเอียดที่จำเป็นเพื่อให้ตรวจสอบเรื่อง “เบี้ยประกันไม่ขึ้นในระบบ DSS” โดย Agent จะไม่คาดเดาวิธีแก้ไข","รายละเอียดรายการ; เลขอ้างอิงที่เกี่ยวข้อง; ภาพหน้าจอ (ถ้ามี); ชื่อ-นามสกุลผู้แจ้ง","กรุณาแจ้ง: รายละเอียดรายการ; เลขอ้างอิงที่เกี่ยวข้อง; ภาพหน้าจอ (ถ้ามี); ชื่อ-นามสกุลผู้แจ้ง","Business Support","เปิดเคสและส่งต่อ ฝ่ายรับประกันภัยรถยนต์","ฝ่ายรับประกันภัยรถยนต์","Approved","Active"
"KB-007","KB-007","ระบบ DSS ช้า หมุนนาน หรือบันทึกงานไม่ได้","DSS","System Incident","DSS, System Incident, DSS ช้า หมุนนาน หรือบันทึกงานไม่ได้, IT / SA","กรุณาเปิดเคสผ่าน SysAid ในหัวข้อ “ระบบ DSS ช้า หมุนนาน หรือบันทึกงานไม่ได้” พร้อมแนบข้อมูลที่จำเป็น ทีม IT / SA จะตรวจสอบต่อ โดย Agent จะไม่คาดเดาสาเหตุหรือผลการแก้ไข","ข้อความ Error; ภาพหน้าจอ; เวลาที่พบปัญหา; User/Agent/Source; ผลกระทบและจำนวนผู้ใช้งาน","กรุณาแจ้ง: ข้อความ Error; ภาพหน้าจอ; เวลาที่พบปัญหา; User/Agent/Source; ผลกระทบและจำนวนผู้ใช้งาน","Incident","เปิดเคสและส่งต่อ IT / SA","IT / SA","Approved","Active"
"KB-008","KB-008","OTP ไม่ส่งมาที่ Email หรือเบอร์โทรศัพท์ในระบบ DSS","DSS","General Support","DSS, General Support, OTP ไม่ส่งมาที่ Email หรือเบอร์โทรศัพท์ DSS, IT / SA","กรุณาเปิดเคสผ่าน SysAid ในหัวข้อ “OTP ไม่ส่งมาที่ Email หรือเบอร์โทรศัพท์ในระบบ DSS” พร้อมแนบข้อมูลที่จำเป็น ทีม IT / SA จะตรวจสอบต่อ โดย Agent จะไม่คาดเดาสาเหตุหรือผลการแก้ไข","ข้อความ Error; ภาพหน้าจอ; เวลาที่พบปัญหา; User/Agent/Source; ผลกระทบและจำนวนผู้ใช้งาน","กรุณาแจ้ง: ข้อความ Error; ภาพหน้าจอ; เวลาที่พบปัญหา; User/Agent/Source; ผลกระทบและจำนวนผู้ใช้งาน","Incident","เปิดเคสและส่งต่อ IT / SA","IT / SA","Approved","Active"
"KB-009","KB-009","ต่ออายุบนระบบ DSS ไม่ได้","DSS","Renewal","DSS, Renewal, ต่ออายุบน DSS ไม่ได้, IT Helpdesk","กรุณาเปิดเคสผ่าน SysAid ในหัวข้อ “ต่ออายุบนระบบ DSS ไม่ได้” พร้อมแนบข้อมูลที่จำเป็น ทีม IT Helpdesk จะตรวจสอบต่อ โดย Agent จะไม่คาดเดาสาเหตุหรือผลการแก้ไข","เลขที่ใบคำขอ; เลขกรมธรรม์; เลขที่หน้าตาราง; ชื่อ-นามสกุล; ภาพหน้าจอหรือข้อความ Error; เวลาที่พบปัญหา","กรุณาแจ้ง: เลขที่ใบคำขอ; เลขกรมธรรม์; เลขที่หน้าตาราง; ชื่อ-นามสกุล; ภาพหน้าจอหรือข้อความ Error; เวลาที่พบปัญหา","Incident","เปิดเคสและส่งต่อ IT Helpdesk","IT Helpdesk","Approved","Active"
"KB-010","KB-010","ตัดวงเงินในระบบ DSS ไม่ได้","DSS","Payment & Credit","DSS, Payment & Credit, ตัดวงเงิน DSS ไม่ได้, IT Helpdesk","กรุณาเปิดเคสผ่าน SysAid ในหัวข้อ “ตัดวงเงินในระบบ DSS ไม่ได้” พร้อมแนบข้อมูลที่จำเป็น ทีม IT Helpdesk จะตรวจสอบต่อ โดย Agent จะไม่คาดเดาสาเหตุหรือผลการแก้ไข","เลขที่ใบคำขอ; เลขกรมธรรม์; เลขที่หน้าตาราง; ชื่อ-นามสกุล; ภาพหน้าจอหรือข้อความ Error; เวลาที่พบปัญหา","กรุณาแจ้ง: เลขที่ใบคำขอ; เลขกรมธรรม์; เลขที่หน้าตาราง; ชื่อ-นามสกุล; ภาพหน้าจอหรือข้อความ Error; เวลาที่พบปัญหา","Incident","เปิดเคสและส่งต่อ IT Helpdesk","IT Helpdesk","Approved","Active"
"KB-011","KB-011","ไม่พบแคมเปญในระบบ DSS","DSS","Master Data & Underwriting","DSS, Master Data & Underwriting, ไม่พบแคมเปญ DSS, ฝ่ายรับประกันภัยรถยนต์","รายการนี้อยู่ในความรับผิดชอบของฝ่ายรับประกันภัยรถยนต์ กรุณาส่งรายละเอียดที่จำเป็นเพื่อให้ตรวจสอบเรื่อง “ไม่พบแคมเปญในระบบ DSS” โดย Agent จะไม่คาดเดาวิธีแก้ไข","รายละเอียดรายการ; เลขอ้างอิงที่เกี่ยวข้อง; ภาพหน้าจอ (ถ้ามี); ชื่อ-นามสกุลผู้แจ้ง","กรุณาแจ้ง: รายละเอียดรายการ; เลขอ้างอิงที่เกี่ยวข้อง; ภาพหน้าจอ (ถ้ามี); ชื่อ-นามสกุลผู้แจ้ง","Business Support","เปิดเคสและส่งต่อ ฝ่ายรับประกันภัยรถยนต์","ฝ่ายรับประกันภัยรถยนต์","Approved","Active"
"KB-012","KB-012","ต่ออายุประกันอุบัติเหตุ PA แล้วผู้รับผลประโยชน์ในหน้าตารางกรมธรรม์ไม่ครบ","DSS","Master Data & Underwriting","DSS, Master Data & Underwriting, ต่ออายุประกันอุบัติเหตุ PA แล้วผู้รับผลประโยชน์ในหน้าตารางกรมธรรม์ไม่ครบ, IT Helpdesk","กรุณาเปิดเคสผ่าน SysAid ในหัวข้อ “ต่ออายุประกันอุบัติเหตุ PA แล้วผู้รับผลประโยชน์ในหน้าตารางกรมธรรม์ไม่ครบ” พร้อมแนบข้อมูลที่จำเป็น ทีม IT Helpdesk จะตรวจสอบต่อ โดย Agent จะไม่คาดเดาสาเหตุหรือผลการแก้ไข","เลขที่ใบคำขอ; เลขกรมธรรม์; เลขที่หน้าตาราง; ชื่อ-นามสกุล; ภาพหน้าจอหรือข้อความ Error; เวลาที่พบปัญหา","กรุณาแจ้ง: เลขที่ใบคำขอ; เลขกรมธรรม์; เลขที่หน้าตาราง; ชื่อ-นามสกุล; ภาพหน้าจอหรือข้อความ Error; เวลาที่พบปัญหา","Business Support","เปิดเคสและส่งต่อ IT Helpdesk","IT Helpdesk","Approved","Active"
"KB-013","KB-013","ในระบบไม่มีเบี้ยตามอายุรถ","DSS","Master Data & Underwriting","DSS, Master Data & Underwriting, ไม่มีเบี้ยตามอายุรถ, ฝ่ายรับประกันภัยรถยนต์","รายการนี้อยู่ในความรับผิดชอบของฝ่ายรับประกันภัยรถยนต์ กรุณาส่งรายละเอียดที่จำเป็นเพื่อให้ตรวจสอบเรื่อง “ในระบบไม่มีเบี้ยตามอายุรถ” โดย Agent จะไม่คาดเดาวิธีแก้ไข","รายละเอียดรายการ; เลขอ้างอิงที่เกี่ยวข้อง; ภาพหน้าจอ (ถ้ามี); ชื่อ-นามสกุลผู้แจ้ง","กรุณาแจ้ง: รายละเอียดรายการ; เลขอ้างอิงที่เกี่ยวข้อง; ภาพหน้าจอ (ถ้ามี); ชื่อ-นามสกุลผู้แจ้ง","Business Support","เปิดเคสและส่งต่อ ฝ่ายรับประกันภัยรถยนต์","ฝ่ายรับประกันภัยรถยนต์","Approved","Active"
"KB-014","KB-014","ขอเพิ่มรุ่นหรือผูกเล่มเบี้ยประเภท Plus","DSS","Master Data & Underwriting","DSS, Master Data & Underwriting, ขอเพิ่มรุ่นหรือผูกเล่มเบี้ยประเภท Plus, ฝ่ายรับประกันภัยรถยนต์","รายการนี้อยู่ในความรับผิดชอบของฝ่ายรับประกันภัยรถยนต์ กรุณาส่งรายละเอียดที่จำเป็นเพื่อให้ตรวจสอบเรื่อง “ขอเพิ่มรุ่นหรือผูกเล่มเบี้ยประเภท Plus” โดย Agent จะไม่คาดเดาวิธีแก้ไข","รายละเอียดรายการ; เลขอ้างอิงที่เกี่ยวข้อง; ภาพหน้าจอ (ถ้ามี); ชื่อ-นามสกุลผู้แจ้ง","กรุณาแจ้ง: รายละเอียดรายการ; เลขอ้างอิงที่เกี่ยวข้อง; ภาพหน้าจอ (ถ้ามี); ชื่อ-นามสกุลผู้แจ้ง","Business Support","เปิดเคสและส่งต่อ ฝ่ายรับประกันภัยรถยนต์","ฝ่ายรับประกันภัยรถยนต์","Approved","Active"
"KB-015","KB-015","ขอเพิ่มรุ่นหรือผูกเล่มเบี้ยประเภท 3","DSS","Master Data & Underwriting","DSS, Master Data & Underwriting, ขอเพิ่มรุ่นหรือผูกเล่มเบี้ยประเภท 3, ฝ่ายรับประกันภัยรถยนต์","รายการนี้อยู่ในความรับผิดชอบของฝ่ายรับประกันภัยรถยนต์ กรุณาส่งรายละเอียดที่จำเป็นเพื่อให้ตรวจสอบเรื่อง “ขอเพิ่มรุ่นหรือผูกเล่มเบี้ยประเภท 3” โดย Agent จะไม่คาดเดาวิธีแก้ไข","รายละเอียดรายการ; เลขอ้างอิงที่เกี่ยวข้อง; ภาพหน้าจอ (ถ้ามี); ชื่อ-นามสกุลผู้แจ้ง","กรุณาแจ้ง: รายละเอียดรายการ; เลขอ้างอิงที่เกี่ยวข้อง; ภาพหน้าจอ (ถ้ามี); ชื่อ-นามสกุลผู้แจ้ง","Business Support","เปิดเคสและส่งต่อ ฝ่ายรับประกันภัยรถยนต์","ฝ่ายรับประกันภัยรถยนต์","Approved","Active"
"KB-016","KB-016","ขอเพิ่มรุ่นหรือผูกเล่มเบี้ยประเภท 3+ หรือ 2+ อุ่นใจ","DSS","Master Data & Underwriting","DSS, Master Data & Underwriting, ขอเพิ่มรุ่นหรือผูกเล่มเบี้ยประเภท 3+ หรือ 2+ อุ่นใจ, ฝ่ายรับประกันภัยรถยนต์","รายการนี้อยู่ในความรับผิดชอบของฝ่ายรับประกันภัยรถยนต์ กรุณาส่งรายละเอียดที่จำเป็นเพื่อให้ตรวจสอบเรื่อง “ขอเพิ่มรุ่นหรือผูกเล่มเบี้ยประเภท 3+ หรือ 2+ อุ่นใจ” โดย Agent จะไม่คาดเดาวิธีแก้ไข","รายละเอียดรายการ; เลขอ้างอิงที่เกี่ยวข้อง; ภาพหน้าจอ (ถ้ามี); ชื่อ-นามสกุลผู้แจ้ง","กรุณาแจ้ง: รายละเอียดรายการ; เลขอ้างอิงที่เกี่ยวข้อง; ภาพหน้าจอ (ถ้ามี); ชื่อ-นามสกุลผู้แจ้ง","Business Support","เปิดเคสและส่งต่อ ฝ่ายรับประกันภัยรถยนต์","ฝ่ายรับประกันภัยรถยนต์","Approved","Active"
"KB-017","KB-017","ไม่สามารถ Custom ได้ เนื่องจากไม่มีเล่มเบี้ยให้เลือก","DSS","Master Data & Underwriting","DSS, Master Data & Underwriting, ไม่สามารถ Custom ได้ เนื่องจากไม่มีเล่มเบี้ยให้เลือก, IT Helpdesk","กรุณาเปิดเคสผ่าน SysAid ในหัวข้อ “ไม่สามารถ Custom ได้ เนื่องจากไม่มีเล่มเบี้ยให้เลือก” พร้อมแนบข้อมูลที่จำเป็น ทีม IT Helpdesk จะตรวจสอบต่อ โดย Agent จะไม่คาดเดาสาเหตุหรือผลการแก้ไข","เลขที่ใบคำขอ; เลขกรมธรรม์; เลขที่หน้าตาราง; ชื่อ-นามสกุล; ภาพหน้าจอหรือข้อความ Error; เวลาที่พบปัญหา","กรุณาแจ้ง: เลขที่ใบคำขอ; เลขกรมธรรม์; เลขที่หน้าตาราง; ชื่อ-นามสกุล; ภาพหน้าจอหรือข้อความ Error; เวลาที่พบปัญหา","Business Support","เปิดเคสและส่งต่อ IT Helpdesk","IT Helpdesk","Approved","Active"
"KB-018","KB-018","ขอเพิ่มรุ่นหรือผูกเล่มเบี้ยประเภท 3++","DSS","Master Data & Underwriting","DSS, Master Data & Underwriting, ขอเพิ่มรุ่นหรือผูกเล่มเบี้ยประเภท 3++, ฝ่ายรับประกันภัยรถยนต์","รายการนี้อยู่ในความรับผิดชอบของฝ่ายรับประกันภัยรถยนต์ กรุณาส่งรายละเอียดที่จำเป็นเพื่อให้ตรวจสอบเรื่อง “ขอเพิ่มรุ่นหรือผูกเล่มเบี้ยประเภท 3++” โดย Agent จะไม่คาดเดาวิธีแก้ไข","รายละเอียดรายการ; เลขอ้างอิงที่เกี่ยวข้อง; ภาพหน้าจอ (ถ้ามี); ชื่อ-นามสกุลผู้แจ้ง","กรุณาแจ้ง: รายละเอียดรายการ; เลขอ้างอิงที่เกี่ยวข้อง; ภาพหน้าจอ (ถ้ามี); ชื่อ-นามสกุลผู้แจ้ง","Business Support","เปิดเคสและส่งต่อ ฝ่ายรับประกันภัยรถยนต์","ฝ่ายรับประกันภัยรถยนต์","Approved","Active"
"KB-019","KB-019","ขอเพิ่มรุ่นหรือผูกเล่มเบี้ยประเภท 2++","DSS","Master Data & Underwriting","DSS, Master Data & Underwriting, ขอเพิ่มรุ่นหรือผูกเล่มเบี้ยประเภท 2++, ฝ่ายรับประกันภัยรถยนต์","รายการนี้อยู่ในความรับผิดชอบของฝ่ายรับประกันภัยรถยนต์ กรุณาส่งรายละเอียดที่จำเป็นเพื่อให้ตรวจสอบเรื่อง “ขอเพิ่มรุ่นหรือผูกเล่มเบี้ยประเภท 2++” โดย Agent จะไม่คาดเดาวิธีแก้ไข","รายละเอียดรายการ; เลขอ้างอิงที่เกี่ยวข้อง; ภาพหน้าจอ (ถ้ามี); ชื่อ-นามสกุลผู้แจ้ง","กรุณาแจ้ง: รายละเอียดรายการ; เลขอ้างอิงที่เกี่ยวข้อง; ภาพหน้าจอ (ถ้ามี); ชื่อ-นามสกุลผู้แจ้ง","Business Support","เปิดเคสและส่งต่อ ฝ่ายรับประกันภัยรถยนต์","ฝ่ายรับประกันภัยรถยนต์","Approved","Active"
"KB-020","KB-020","ขอผูกเล่มเบี้ยประเภท 3++ สบายกระเป๋า","DSS","Master Data & Underwriting","DSS, Master Data & Underwriting, ขอผูกเล่มเบี้ยประเภท 3++ สบายกระเป๋า, ฝ่ายรับประกันภัยรถยนต์","รายการนี้อยู่ในความรับผิดชอบของฝ่ายรับประกันภัยรถยนต์ กรุณาส่งรายละเอียดที่จำเป็นเพื่อให้ตรวจสอบเรื่อง “ขอผูกเล่มเบี้ยประเภท 3++ สบายกระเป๋า” โดย Agent จะไม่คาดเดาวิธีแก้ไข","รายละเอียดรายการ; เลขอ้างอิงที่เกี่ยวข้อง; ภาพหน้าจอ (ถ้ามี); ชื่อ-นามสกุลผู้แจ้ง","กรุณาแจ้ง: รายละเอียดรายการ; เลขอ้างอิงที่เกี่ยวข้อง; ภาพหน้าจอ (ถ้ามี); ชื่อ-นามสกุลผู้แจ้ง","Business Support","เปิดเคสและส่งต่อ ฝ่ายรับประกันภัยรถยนต์","ฝ่ายรับประกันภัยรถยนต์","Approved","Active"
"KB-021","KB-021","ขอเพิ่มเบี้ยซ่อมห้าง","DSS","Master Data & Underwriting","DSS, Master Data & Underwriting, ขอเพิ่มเบี้ยซ่อมห้าง, ฝ่ายรับประกันภัยรถยนต์","รายการนี้อยู่ในความรับผิดชอบของฝ่ายรับประกันภัยรถยนต์ กรุณาส่งรายละเอียดที่จำเป็นเพื่อให้ตรวจสอบเรื่อง “ขอเพิ่มเบี้ยซ่อมห้าง” โดย Agent จะไม่คาดเดาวิธีแก้ไข","รายละเอียดรายการ; เลขอ้างอิงที่เกี่ยวข้อง; ภาพหน้าจอ (ถ้ามี); ชื่อ-นามสกุลผู้แจ้ง","กรุณาแจ้ง: รายละเอียดรายการ; เลขอ้างอิงที่เกี่ยวข้อง; ภาพหน้าจอ (ถ้ามี); ชื่อ-นามสกุลผู้แจ้ง","Business Support","เปิดเคสและส่งต่อ ฝ่ายรับประกันภัยรถยนต์","ฝ่ายรับประกันภัยรถยนต์","Approved","Active"
"KB-022","KB-022","ขอเพิ่มรุ่นหรือผูกเล่มเบี้ยประเภท 1","DSS","Master Data & Underwriting","DSS, Master Data & Underwriting, ขอเพิ่มรุ่นหรือผูกเล่มเบี้ยประเภท 1, ฝ่ายรับประกันภัยรถยนต์","รายการนี้อยู่ในความรับผิดชอบของฝ่ายรับประกันภัยรถยนต์ กรุณาส่งรายละเอียดที่จำเป็นเพื่อให้ตรวจสอบเรื่อง “ขอเพิ่มรุ่นหรือผูกเล่มเบี้ยประเภท 1” โดย Agent จะไม่คาดเดาวิธีแก้ไข","รายละเอียดรายการ; เลขอ้างอิงที่เกี่ยวข้อง; ภาพหน้าจอ (ถ้ามี); ชื่อ-นามสกุลผู้แจ้ง","กรุณาแจ้ง: รายละเอียดรายการ; เลขอ้างอิงที่เกี่ยวข้อง; ภาพหน้าจอ (ถ้ามี); ชื่อ-นามสกุลผู้แจ้ง","Business Support","เปิดเคสและส่งต่อ ฝ่ายรับประกันภัยรถยนต์","ฝ่ายรับประกันภัยรถยนต์","Approved","Active"
"KB-023","KB-023","ขอเพิ่มรุ่นหรือผูกเล่มเบี้ยประเภท 3 คุ้มกัน","DSS","Master Data & Underwriting","DSS, Master Data & Underwriting, ขอเพิ่มรุ่นหรือผูกเล่มเบี้ยประเภท 3 คุ้มกัน, ฝ่ายรับประกันภัยรถยนต์","รายการนี้อยู่ในความรับผิดชอบของฝ่ายรับประกันภัยรถยนต์ กรุณาส่งรายละเอียดที่จำเป็นเพื่อให้ตรวจสอบเรื่อง “ขอเพิ่มรุ่นหรือผูกเล่มเบี้ยประเภท 3 คุ้มกัน” โดย Agent จะไม่คาดเดาวิธีแก้ไข","รายละเอียดรายการ; เลขอ้างอิงที่เกี่ยวข้อง; ภาพหน้าจอ (ถ้ามี); ชื่อ-นามสกุลผู้แจ้ง","กรุณาแจ้ง: รายละเอียดรายการ; เลขอ้างอิงที่เกี่ยวข้อง; ภาพหน้าจอ (ถ้ามี); ชื่อ-นามสกุลผู้แจ้ง","Business Support","เปิดเคสและส่งต่อ ฝ่ายรับประกันภัยรถยนต์","ฝ่ายรับประกันภัยรถยนต์","Approved","Active"
"KB-024","KB-024","ตัดวงเงินไม่ผ่าน และค้นหากรมธรรม์ใน DSS ไม่พบ ทั้งที่เข้าระบบ Polisy400 แล้ว","DSS","Payment & Credit","DSS, Payment & Credit, ตัดวงเงินไม่ผ่าน และค้นหากรมธรรม์ใน DSS ไม่พบ ทั้งที่เข้า Polisy400 แล้ว, IT Helpdesk","กรุณาเปิดเคสผ่าน SysAid ในหัวข้อ “ตัดวงเงินไม่ผ่าน และค้นหากรมธรรม์ใน DSS ไม่พบ ทั้งที่เข้าระบบ Polisy400 แล้ว” พร้อมแนบข้อมูลที่จำเป็น ทีม IT Helpdesk จะตรวจสอบต่อ โดย Agent จะไม่คาดเดาสาเหตุหรือผลการแก้ไข","เลขที่ใบคำขอ; เลขกรมธรรม์; เลขที่หน้าตาราง; ชื่อ-นามสกุล; ภาพหน้าจอหรือข้อความ Error; เวลาที่พบปัญหา","กรุณาแจ้ง: เลขที่ใบคำขอ; เลขกรมธรรม์; เลขที่หน้าตาราง; ชื่อ-นามสกุล; ภาพหน้าจอหรือข้อความ Error; เวลาที่พบปัญหา","Incident","เปิดเคสและส่งต่อ IT Helpdesk","IT Helpdesk","Approved","Active"
"KB-025","KB-025","บันทึกงานประเภท 1 แล้วข้อมูลตรวจสภาพไม่ตรงกับข้อมูลที่บันทึก","DSS","System Incident","DSS, System Incident, บันทึกงานประเภท 1 แล้วข้อมูลตรวจสภาพไม่ตรงกับข้อมูลที่บันทึก, IT Helpdesk","กรุณาเปิดเคสผ่าน SysAid ในหัวข้อ “บันทึกงานประเภท 1 แล้วข้อมูลตรวจสภาพไม่ตรงกับข้อมูลที่บันทึก” พร้อมแนบข้อมูลที่จำเป็น ทีม IT Helpdesk จะตรวจสอบต่อ โดย Agent จะไม่คาดเดาสาเหตุหรือผลการแก้ไข","เลขที่ใบคำขอ; เลขกรมธรรม์; เลขที่หน้าตาราง; ชื่อ-นามสกุล; ภาพหน้าจอหรือข้อความ Error; เวลาที่พบปัญหา","กรุณาแจ้ง: เลขที่ใบคำขอ; เลขกรมธรรม์; เลขที่หน้าตาราง; ชื่อ-นามสกุล; ภาพหน้าจอหรือข้อความ Error; เวลาที่พบปัญหา","Incident","เปิดเคสและส่งต่อ IT Helpdesk","IT Helpdesk","Approved","Active"
"KB-026","KB-026","ขอเพิ่มสีรถยนต์ในระบบ DSS","DSS","Master Data & Underwriting","DSS, Master Data & Underwriting, ขอเพิ่มสีรถยนต์ DSS, ฝ่ายรับประกันภัยรถยนต์","รายการนี้อยู่ในความรับผิดชอบของฝ่ายรับประกันภัยรถยนต์ กรุณาส่งรายละเอียดที่จำเป็นเพื่อให้ตรวจสอบเรื่อง “ขอเพิ่มสีรถยนต์ในระบบ DSS” โดย Agent จะไม่คาดเดาวิธีแก้ไข","รายละเอียดรายการ; เลขอ้างอิงที่เกี่ยวข้อง; ภาพหน้าจอ (ถ้ามี); ชื่อ-นามสกุลผู้แจ้ง","กรุณาแจ้ง: รายละเอียดรายการ; เลขอ้างอิงที่เกี่ยวข้อง; ภาพหน้าจอ (ถ้ามี); ชื่อ-นามสกุลผู้แจ้ง","Business Support","เปิดเคสและส่งต่อ ฝ่ายรับประกันภัยรถยนต์","ฝ่ายรับประกันภัยรถยนต์","Approved","Active"
"KB-027","KB-027","ขอเพิ่มรุ่นรถจักรยานยนต์","DSS","Master Data & Underwriting","DSS, Master Data & Underwriting, ขอเพิ่มรุ่นรถจักรยานยนต์, ฝ่ายรับประกันภัยรถยนต์","รายการนี้อยู่ในความรับผิดชอบของฝ่ายรับประกันภัยรถยนต์ กรุณาส่งรายละเอียดที่จำเป็นเพื่อให้ตรวจสอบเรื่อง “ขอเพิ่มรุ่นรถจักรยานยนต์” โดย Agent จะไม่คาดเดาวิธีแก้ไข","รายละเอียดรายการ; เลขอ้างอิงที่เกี่ยวข้อง; ภาพหน้าจอ (ถ้ามี); ชื่อ-นามสกุลผู้แจ้ง","กรุณาแจ้ง: รายละเอียดรายการ; เลขอ้างอิงที่เกี่ยวข้อง; ภาพหน้าจอ (ถ้ามี); ชื่อ-นามสกุลผู้แจ้ง","Business Support","เปิดเคสและส่งต่อ ฝ่ายรับประกันภัยรถยนต์","ฝ่ายรับประกันภัยรถยนต์","Approved","Active"
"KB-028","KB-028","ต่ออายุและโอนย้ายงานแล้ว แต่ดึงข้อมูลใน DSS ไม่ขึ้น","DSS","Renewal","DSS, Renewal, ต่ออายุและโอนย้ายงานแล้ว แต่ดึงข้อมูลใน DSS ไม่ขึ้น, IT Helpdesk","กรุณาเปิดเคสผ่าน SysAid ในหัวข้อ “ต่ออายุและโอนย้ายงานแล้ว แต่ดึงข้อมูลใน DSS ไม่ขึ้น” พร้อมแนบข้อมูลที่จำเป็น ทีม IT Helpdesk จะตรวจสอบต่อ โดย Agent จะไม่คาดเดาสาเหตุหรือผลการแก้ไข","เลขที่ใบคำขอ; เลขกรมธรรม์; เลขที่หน้าตาราง; ชื่อ-นามสกุล; ภาพหน้าจอหรือข้อความ Error; เวลาที่พบปัญหา","กรุณาแจ้ง: เลขที่ใบคำขอ; เลขกรมธรรม์; เลขที่หน้าตาราง; ชื่อ-นามสกุล; ภาพหน้าจอหรือข้อความ Error; เวลาที่พบปัญหา","Incident","เปิดเคสและส่งต่อ IT Helpdesk","IT Helpdesk","Approved","Active"
"KB-029","KB-029","ไม่สามารถต่อภาษีผ่านระบบออนไลน์ได้","CMI","General Support","CMI, General Support, ไม่สามารถต่อภาษีผ่านออนไลน์ได้, IT Helpdesk","กรุณาเปิดเคสผ่าน SysAid ในหัวข้อ “ไม่สามารถต่อภาษีผ่านระบบออนไลน์ได้” พร้อมแนบข้อมูลที่จำเป็น ทีม IT Helpdesk จะตรวจสอบต่อ โดย Agent จะไม่คาดเดาสาเหตุหรือผลการแก้ไข","เลขที่ใบคำขอ; เลขกรมธรรม์; เลขที่หน้าตาราง; ชื่อ-นามสกุล; ภาพหน้าจอหรือข้อความ Error; เวลาที่พบปัญหา","กรุณาแจ้ง: เลขที่ใบคำขอ; เลขกรมธรรม์; เลขที่หน้าตาราง; ชื่อ-นามสกุล; ภาพหน้าจอหรือข้อความ Error; เวลาที่พบปัญหา","Incident","เปิดเคสและส่งต่อ IT Helpdesk","IT Helpdesk","Approved","Active"
"KB-030","KB-030","พิมพ์กรมธรรม์ไม่ได้ และตัดวงเงินเครดิตขึ้นว่าไม่พบข้อมูล","DSS","Payment & Credit","DSS, Payment & Credit, พิมพ์กรมธรรม์ไม่ได้ และตัดวงเงินเครดิตขึ้นว่าไม่พบข้อมูล, IT Helpdesk","กรุณาเปิดเคสผ่าน SysAid ในหัวข้อ “พิมพ์กรมธรรม์ไม่ได้ และตัดวงเงินเครดิตขึ้นว่าไม่พบข้อมูล” พร้อมแนบข้อมูลที่จำเป็น ทีม IT Helpdesk จะตรวจสอบต่อ โดย Agent จะไม่คาดเดาสาเหตุหรือผลการแก้ไข","เลขที่ใบคำขอ; เลขกรมธรรม์; เลขที่หน้าตาราง; ชื่อ-นามสกุล; ภาพหน้าจอหรือข้อความ Error; เวลาที่พบปัญหา","กรุณาแจ้ง: เลขที่ใบคำขอ; เลขกรมธรรม์; เลขที่หน้าตาราง; ชื่อ-นามสกุล; ภาพหน้าจอหรือข้อความ Error; เวลาที่พบปัญหา","Incident","เปิดเคสและส่งต่อ IT Helpdesk","IT Helpdesk","Approved","Active"
"KB-031","KB-031","ต่ออายุและ Issue แล้ว แต่ไม่พบไฟล์กรมธรรม์","DSS","Policy Issue & Integration","DSS, Policy Issue & Integration, ต่ออายุและ Issue แล้ว แต่ไม่พบไฟล์กรมธรรม์, IT Helpdesk","กรุณาเปิดเคสผ่าน SysAid ในหัวข้อ “ต่ออายุและ Issue แล้ว แต่ไม่พบไฟล์กรมธรรม์” พร้อมแนบข้อมูลที่จำเป็น ทีม IT Helpdesk จะตรวจสอบต่อ โดย Agent จะไม่คาดเดาสาเหตุหรือผลการแก้ไข","เลขที่ใบคำขอ; เลขกรมธรรม์; เลขที่หน้าตาราง; ชื่อ-นามสกุล; ภาพหน้าจอหรือข้อความ Error; เวลาที่พบปัญหา","กรุณาแจ้ง: เลขที่ใบคำขอ; เลขกรมธรรม์; เลขที่หน้าตาราง; ชื่อ-นามสกุล; ภาพหน้าจอหรือข้อความ Error; เวลาที่พบปัญหา","Incident","เปิดเคสและส่งต่อ IT Helpdesk","IT Helpdesk","Approved","Active"
"KB-032","KB-032","ต่ออายุประกันอัคคีภัยแล้วหน้าตารางไม่พบผู้รับผลประโยชน์","DSS","Master Data & Underwriting","DSS, Master Data & Underwriting, ต่ออายุประกันอัคคีภัยแล้วหน้าตารางไม่พบผู้รับผลประโยชน์, IT Helpdesk","กรุณาเปิดเคสผ่าน SysAid ในหัวข้อ “ต่ออายุประกันอัคคีภัยแล้วหน้าตารางไม่พบผู้รับผลประโยชน์” พร้อมแนบข้อมูลที่จำเป็น ทีม IT Helpdesk จะตรวจสอบต่อ โดย Agent จะไม่คาดเดาสาเหตุหรือผลการแก้ไข","เลขที่ใบคำขอ; เลขกรมธรรม์; เลขที่หน้าตาราง; ชื่อ-นามสกุล; ภาพหน้าจอหรือข้อความ Error; เวลาที่พบปัญหา","กรุณาแจ้ง: เลขที่ใบคำขอ; เลขกรมธรรม์; เลขที่หน้าตาราง; ชื่อ-นามสกุล; ภาพหน้าจอหรือข้อความ Error; เวลาที่พบปัญหา","Business Support","เปิดเคสและส่งต่อ IT Helpdesk","IT Helpdesk","Approved","Active"
"KB-033","KB-033","ตัดวงเงินไม่ได้ เพราะไม่มีข้อมูลใน DSS แต่มีข้อมูลใน Polisy400 แล้ว","DSS","Payment & Credit","DSS, Payment & Credit, ตัดวงเงินไม่ได้ เพราะไม่มีข้อมูลใน DSS แต่มีข้อมูลใน Polisy400 แล้ว, IT Helpdesk","กรุณาเปิดเคสผ่าน SysAid ในหัวข้อ “ตัดวงเงินไม่ได้ เพราะไม่มีข้อมูลใน DSS แต่มีข้อมูลใน Polisy400 แล้ว” พร้อมแนบข้อมูลที่จำเป็น ทีม IT Helpdesk จะตรวจสอบต่อ โดย Agent จะไม่คาดเดาสาเหตุหรือผลการแก้ไข","เลขที่ใบคำขอ; เลขกรมธรรม์; เลขที่หน้าตาราง; ชื่อ-นามสกุล; ภาพหน้าจอหรือข้อความ Error; เวลาที่พบปัญหา","กรุณาแจ้ง: เลขที่ใบคำขอ; เลขกรมธรรม์; เลขที่หน้าตาราง; ชื่อ-นามสกุล; ภาพหน้าจอหรือข้อความ Error; เวลาที่พบปัญหา","Incident","เปิดเคสและส่งต่อ IT Helpdesk","IT Helpdesk","Approved","Active"
"KB-034","KB-034","ขอเพิ่มผู้รับผลประโยชน์","DSS","Master Data & Underwriting","DSS, Master Data & Underwriting, ขอเพิ่มผู้รับผลประโยชน์, ฝ่ายรับประกันภัยรถยนต์","รายการนี้อยู่ในความรับผิดชอบของฝ่ายรับประกันภัยรถยนต์ กรุณาส่งรายละเอียดที่จำเป็นเพื่อให้ตรวจสอบเรื่อง “ขอเพิ่มผู้รับผลประโยชน์” โดย Agent จะไม่คาดเดาวิธีแก้ไข","รายละเอียดรายการ; เลขอ้างอิงที่เกี่ยวข้อง; ภาพหน้าจอ (ถ้ามี); ชื่อ-นามสกุลผู้แจ้ง","กรุณาแจ้ง: รายละเอียดรายการ; เลขอ้างอิงที่เกี่ยวข้อง; ภาพหน้าจอ (ถ้ามี); ชื่อ-นามสกุลผู้แจ้ง","Business Support","เปิดเคสและส่งต่อ ฝ่ายรับประกันภัยรถยนต์","ฝ่ายรับประกันภัยรถยนต์","Approved","Active"
"KB-035","KB-035","ตัดวงเงินไม่ผ่าน และสถานะค้างที่รอชำระวงเงิน","DSS","Payment & Credit","DSS, Payment & Credit, ตัดวงเงินไม่ผ่าน และสถานะค้างที่รอชำระวงเงิน, IT Helpdesk","กรุณาเปิดเคสผ่าน SysAid ในหัวข้อ “ตัดวงเงินไม่ผ่าน และสถานะค้างที่รอชำระวงเงิน” พร้อมแนบข้อมูลที่จำเป็น ทีม IT Helpdesk จะตรวจสอบต่อ โดย Agent จะไม่คาดเดาสาเหตุหรือผลการแก้ไข","เลขที่ใบคำขอ; เลขกรมธรรม์; เลขที่หน้าตาราง; ชื่อ-นามสกุล; ภาพหน้าจอหรือข้อความ Error; เวลาที่พบปัญหา","กรุณาแจ้ง: เลขที่ใบคำขอ; เลขกรมธรรม์; เลขที่หน้าตาราง; ชื่อ-นามสกุล; ภาพหน้าจอหรือข้อความ Error; เวลาที่พบปัญหา","Incident","เปิดเคสและส่งต่อ IT Helpdesk","IT Helpdesk","Approved","Active"
"KB-036","KB-036","ไม่สามารถ Issue งานได้ เนื่องจากสถานะรอชำระเงิน","DSS","Payment & Credit","DSS, Payment & Credit, ไม่สามารถ Issue งานได้ เนื่องจากสถานะรอชำระเงิน, IT Helpdesk","กรุณาเปิดเคสผ่าน SysAid ในหัวข้อ “ไม่สามารถ Issue งานได้ เนื่องจากสถานะรอชำระเงิน” พร้อมแนบข้อมูลที่จำเป็น ทีม IT Helpdesk จะตรวจสอบต่อ โดย Agent จะไม่คาดเดาสาเหตุหรือผลการแก้ไข","เลขที่ใบคำขอ; เลขกรมธรรม์; เลขที่หน้าตาราง; ชื่อ-นามสกุล; ภาพหน้าจอหรือข้อความ Error; เวลาที่พบปัญหา","กรุณาแจ้ง: เลขที่ใบคำขอ; เลขกรมธรรม์; เลขที่หน้าตาราง; ชื่อ-นามสกุล; ภาพหน้าจอหรือข้อความ Error; เวลาที่พบปัญหา","Incident","เปิดเคสและส่งต่อ IT Helpdesk","IT Helpdesk","Approved","Active"
"KB-037","KB-037","กรมธรรม์ Switch to New แล้วเบี้ยรวมไม่ขึ้น","DSS","Master Data & Underwriting","DSS, Master Data & Underwriting, กรมธรรม์ Switch to New แล้วเบี้ยรวมไม่ขึ้น, ฝ่ายรับประกันภัยรถยนต์","รับทราบปัญหาครับ รายการนี้ยังต้องตรวจสอบคำตอบและเส้นทางส่งต่อกับเจ้าของข้อมูลก่อน เพื่อป้องกันการให้ข้อมูลผิด กรุณาส่งข้อมูลที่ระบุ แล้วระบบจะเปิดเคสให้ทีมที่เกี่ยวข้องตรวจสอบ","รายละเอียดรายการ; เลขอ้างอิงที่เกี่ยวข้อง; ภาพหน้าจอ (ถ้ามี); ชื่อ-นามสกุลผู้แจ้ง","กรุณาแจ้ง: รายละเอียดรายการ; เลขอ้างอิงที่เกี่ยวข้อง; ภาพหน้าจอ (ถ้ามี); ชื่อ-นามสกุลผู้แจ้ง","Business Support","เปิดเคสและส่งต่อ ฝ่ายรับประกันภัยรถยนต์","ฝ่ายรับประกันภัยรถยนต์","Approved","Active"
"KB-038","KB-038","ตัดวงเงินหรือต่ออายุแล้วข้อมูลจังหวัดไม่ขึ้น","DSS","Payment & Credit","DSS, Payment & Credit, ตัดวงเงินหรือต่ออายุแล้วข้อมูลจังหวัดไม่ขึ้น, IT Helpdesk","กรุณาเปิดเคสผ่าน SysAid ในหัวข้อ “ตัดวงเงินหรือต่ออายุแล้วข้อมูลจังหวัดไม่ขึ้น” พร้อมแนบข้อมูลที่จำเป็น ทีม IT Helpdesk จะตรวจสอบต่อ โดย Agent จะไม่คาดเดาสาเหตุหรือผลการแก้ไข","เลขที่ใบคำขอ; เลขกรมธรรม์; เลขที่หน้าตาราง; ชื่อ-นามสกุล; ภาพหน้าจอหรือข้อความ Error; เวลาที่พบปัญหา","กรุณาแจ้ง: เลขที่ใบคำขอ; เลขกรมธรรม์; เลขที่หน้าตาราง; ชื่อ-นามสกุล; ภาพหน้าจอหรือข้อความ Error; เวลาที่พบปัญหา","Incident","เปิดเคสและส่งต่อ IT Helpdesk","IT Helpdesk","Approved","Active"
"KB-039","KB-039","ระบบสอบถามกรมธรรม์รถยนต์ค้นหาเลขกรมธรรม์ไม่พบ","MotorQuery","Policy Issue & Integration","MotorQuery, Policy Issue & Integration, สอบถามกรมธรรม์รถยนต์ค้นหาเลขกรมธรรม์ไม่พบ, IT Helpdesk","กรุณาเปิดเคสผ่าน SysAid ในหัวข้อ “ระบบสอบถามกรมธรรม์รถยนต์ค้นหาเลขกรมธรรม์ไม่พบ” พร้อมแนบข้อมูลที่จำเป็น ทีม IT Helpdesk จะตรวจสอบต่อ โดย Agent จะไม่คาดเดาสาเหตุหรือผลการแก้ไข","เลขที่ใบคำขอ; เลขกรมธรรม์; เลขที่หน้าตาราง; ชื่อ-นามสกุล; ภาพหน้าจอหรือข้อความ Error; เวลาที่พบปัญหา","กรุณาแจ้ง: เลขที่ใบคำขอ; เลขกรมธรรม์; เลขที่หน้าตาราง; ชื่อ-นามสกุล; ภาพหน้าจอหรือข้อความ Error; เวลาที่พบปัญหา","Incident","เปิดเคสและส่งต่อ IT Helpdesk","IT Helpdesk","Approved","Active"
"KB-040","KB-040","การชำระแบบโอนเงิน","Payment","Payment & Credit","Payment, Payment & Credit, การชำระแบบโอนเงิน, ฝ่ายบัญชี","รายการนี้ต้องให้ฝ่ายบัญชีตรวจสอบ กรุณาส่งรายละเอียดการชำระเงินและเลขอ้างอิงที่เกี่ยวข้องกับ “การชำระแบบโอนเงิน” โดย Agent จะไม่ยืนยันผลทางการเงินเอง","รายละเอียดรายการ; เลขอ้างอิงที่เกี่ยวข้อง; ภาพหน้าจอ (ถ้ามี); ชื่อ-นามสกุลผู้แจ้ง","กรุณาแจ้ง: รายละเอียดรายการ; เลขอ้างอิงที่เกี่ยวข้อง; ภาพหน้าจอ (ถ้ามี); ชื่อ-นามสกุลผู้แจ้ง","Incident","เปิดเคสและส่งต่อ ฝ่ายบัญชี","ฝ่ายบัญชี","Approved","Active"
"KB-041","KB-041","ชำระเงินสำเร็จ แต่สถานะยังเป็นรอชำระเงิน","DSS","Payment & Credit","DSS, Payment & Credit, ชำระเงินสำเร็จ แต่สถานะยังเป็นรอชำระเงิน, IT Helpdesk","กรุณาเปิดเคสผ่าน SysAid ในหัวข้อ “ชำระเงินสำเร็จ แต่สถานะยังเป็นรอชำระเงิน” พร้อมแนบข้อมูลที่จำเป็น ทีม IT Helpdesk จะตรวจสอบต่อ โดย Agent จะไม่คาดเดาสาเหตุหรือผลการแก้ไข","เลขที่ใบคำขอ; เลขกรมธรรม์; เลขที่หน้าตาราง; ชื่อ-นามสกุล; ภาพหน้าจอหรือข้อความ Error; เวลาที่พบปัญหา","กรุณาแจ้ง: เลขที่ใบคำขอ; เลขกรมธรรม์; เลขที่หน้าตาราง; ชื่อ-นามสกุล; ภาพหน้าจอหรือข้อความ Error; เวลาที่พบปัญหา","Incident","เปิดเคสและส่งต่อ IT Helpdesk","IT Helpdesk","Approved","Active"
"KB-042","KB-042","งาน PA ไม่หักค่าคอม ทำให้บัญชีตัดรับเงินอัตโนมัติไม่ได้","DSS","Payment & Credit","DSS, Payment & Credit, งาน PA ไม่หักค่าคอม ทำให้บัญชีตัดรับเงินอัตโนมัติไม่ได้, IT Helpdesk","กรุณาเปิดเคสผ่าน SysAid ในหัวข้อ “งาน PA ไม่หักค่าคอม ทำให้บัญชีตัดรับเงินอัตโนมัติไม่ได้” พร้อมแนบข้อมูลที่จำเป็น ทีม IT Helpdesk จะตรวจสอบต่อ โดย Agent จะไม่คาดเดาสาเหตุหรือผลการแก้ไข","เลขที่ใบคำขอ; เลขกรมธรรม์; เลขที่หน้าตาราง; ชื่อ-นามสกุล; ภาพหน้าจอหรือข้อความ Error; เวลาที่พบปัญหา","กรุณาแจ้ง: เลขที่ใบคำขอ; เลขกรมธรรม์; เลขที่หน้าตาราง; ชื่อ-นามสกุล; ภาพหน้าจอหรือข้อความ Error; เวลาที่พบปัญหา","Incident","เปิดเคสและส่งต่อ IT Helpdesk","IT Helpdesk","Approved","Active"
"KB-043","KB-043","ยอดเงินที่ชำระไม่ตรงกับยอดเงินในระบบ","Payment","Payment & Credit","Payment, Payment & Credit, ยอดเงินที่ชำระไม่ตรงกับยอดเงิน, ฝ่ายบัญชี","รายการนี้ต้องให้ฝ่ายบัญชีตรวจสอบ กรุณาส่งรายละเอียดการชำระเงินและเลขอ้างอิงที่เกี่ยวข้องกับ “ยอดเงินที่ชำระไม่ตรงกับยอดเงินในระบบ” โดย Agent จะไม่ยืนยันผลทางการเงินเอง","รายละเอียดรายการ; เลขอ้างอิงที่เกี่ยวข้อง; ภาพหน้าจอ (ถ้ามี); ชื่อ-นามสกุลผู้แจ้ง","กรุณาแจ้ง: รายละเอียดรายการ; เลขอ้างอิงที่เกี่ยวข้อง; ภาพหน้าจอ (ถ้ามี); ชื่อ-นามสกุลผู้แจ้ง","Incident","เปิดเคสและส่งต่อ ฝ่ายบัญชี","ฝ่ายบัญชี","Approved","Active"
"KB-044","KB-044","รุ่นรถไม่ขึ้นในระบบ DSS","DSS","General Support","DSS, General Support, รุ่นรถไม่ขึ้น DSS, ฝ่ายรับประกันภัยรถยนต์","รับทราบปัญหาครับ รายการนี้ยังต้องตรวจสอบคำตอบและเส้นทางส่งต่อกับเจ้าของข้อมูลก่อน เพื่อป้องกันการให้ข้อมูลผิด กรุณาส่งข้อมูลที่ระบุ แล้วระบบจะเปิดเคสให้ทีมที่เกี่ยวข้องตรวจสอบ","รายละเอียดรายการ; เลขอ้างอิงที่เกี่ยวข้อง; ภาพหน้าจอ (ถ้ามี); ชื่อ-นามสกุลผู้แจ้ง","กรุณาแจ้ง: รายละเอียดรายการ; เลขอ้างอิงที่เกี่ยวข้อง; ภาพหน้าจอ (ถ้ามี); ชื่อ-นามสกุลผู้แจ้ง","Incident","เปิดเคสและส่งต่อ ฝ่ายรับประกันภัยรถยนต์","ฝ่ายรับประกันภัยรถยนต์","Approved","Active"
"KB-045","KB-045","Batch งานในระบบ DSS ไม่ขึ้น","DSS","Policy Issue & Integration","DSS, Policy Issue & Integration, Batch งาน DSS ไม่ขึ้น, IT Helpdesk","กรุณาเปิดเคสผ่าน SysAid ในหัวข้อ “Batch งานในระบบ DSS ไม่ขึ้น” พร้อมแนบข้อมูลที่จำเป็น ทีม IT Helpdesk จะตรวจสอบต่อ โดย Agent จะไม่คาดเดาสาเหตุหรือผลการแก้ไข","เลขที่ใบคำขอ; เลขกรมธรรม์; เลขที่หน้าตาราง; ชื่อ-นามสกุล; ภาพหน้าจอหรือข้อความ Error; เวลาที่พบปัญหา","กรุณาแจ้ง: เลขที่ใบคำขอ; เลขกรมธรรม์; เลขที่หน้าตาราง; ชื่อ-นามสกุล; ภาพหน้าจอหรือข้อความ Error; เวลาที่พบปัญหา","Incident","เปิดเคสและส่งต่อ IT Helpdesk","IT Helpdesk","Approved","Active"
"KB-046","KB-046","ระบบ DSS แสดงรายการขายไม่ครบ","DSS","System Incident","DSS, System Incident, DSS แสดงรายการขายไม่ครบ, IT Helpdesk","กรุณาเปิดเคสผ่าน SysAid ในหัวข้อ “ระบบ DSS แสดงรายการขายไม่ครบ” พร้อมแนบข้อมูลที่จำเป็น ทีม IT Helpdesk จะตรวจสอบต่อ โดย Agent จะไม่คาดเดาสาเหตุหรือผลการแก้ไข","เลขที่ใบคำขอ; เลขกรมธรรม์; เลขที่หน้าตาราง; ชื่อ-นามสกุล; ภาพหน้าจอหรือข้อความ Error; เวลาที่พบปัญหา","กรุณาแจ้ง: เลขที่ใบคำขอ; เลขกรมธรรม์; เลขที่หน้าตาราง; ชื่อ-นามสกุล; ภาพหน้าจอหรือข้อความ Error; เวลาที่พบปัญหา","Incident","เปิดเคสและส่งต่อ IT Helpdesk","IT Helpdesk","Approved","Active"
"KB-047","KB-047","อัปโหลดรูปหน้าตาราง พ.ร.บ. ที่ยกเลิกไม่ได้","DSS","General Support","DSS, General Support, อัปโหลดรูปหน้าตาราง พ.ร.บ. ที่ยกเลิกไม่ได้, IT Helpdesk","กรุณาเปิดเคสผ่าน SysAid ในหัวข้อ “อัปโหลดรูปหน้าตาราง พ.ร.บ. ที่ยกเลิกไม่ได้” พร้อมแนบข้อมูลที่จำเป็น ทีม IT Helpdesk จะตรวจสอบต่อ โดย Agent จะไม่คาดเดาสาเหตุหรือผลการแก้ไข","เลขที่ใบคำขอ; เลขกรมธรรม์; เลขที่หน้าตาราง; ชื่อ-นามสกุล; ภาพหน้าจอหรือข้อความ Error; เวลาที่พบปัญหา","กรุณาแจ้ง: เลขที่ใบคำขอ; เลขกรมธรรม์; เลขที่หน้าตาราง; ชื่อ-นามสกุล; ภาพหน้าจอหรือข้อความ Error; เวลาที่พบปัญหา","Incident","เปิดเคสและส่งต่อ IT Helpdesk","IT Helpdesk","Approved","Active"
"KB-048","KB-048","ไม่พบข้อมูลสัญชาติในระบบ DSS","DSS","Master Data & Underwriting","DSS, Master Data & Underwriting, ไม่พบข้อมูลสัญชาติ DSS, IT Helpdesk","กรุณาเปิดเคสผ่าน SysAid ในหัวข้อ “ไม่พบข้อมูลสัญชาติในระบบ DSS” พร้อมแนบข้อมูลที่จำเป็น ทีม IT Helpdesk จะตรวจสอบต่อ โดย Agent จะไม่คาดเดาสาเหตุหรือผลการแก้ไข","เลขที่ใบคำขอ; เลขกรมธรรม์; เลขที่หน้าตาราง; ชื่อ-นามสกุล; ภาพหน้าจอหรือข้อความ Error; เวลาที่พบปัญหา","กรุณาแจ้ง: เลขที่ใบคำขอ; เลขกรมธรรม์; เลขที่หน้าตาราง; ชื่อ-นามสกุล; ภาพหน้าจอหรือข้อความ Error; เวลาที่พบปัญหา","Business Support","เปิดเคสและส่งต่อ IT Helpdesk","IT Helpdesk","Approved","Active"
"KB-049","KB-049","ชำระเงินผ่าน 2C2P แต่สถานะยังรอชำระเงิน","Payment","Payment & Credit","Payment, Payment & Credit, ชำระเงินผ่าน 2C2P แต่สถานะยังรอชำระเงิน, ฝ่ายบัญชี","รายการนี้ต้องให้ฝ่ายบัญชีตรวจสอบ กรุณาส่งรายละเอียดการชำระเงินและเลขอ้างอิงที่เกี่ยวข้องกับ “ชำระเงินผ่าน 2C2P แต่สถานะยังรอชำระเงิน” โดย Agent จะไม่ยืนยันผลทางการเงินเอง","รายละเอียดรายการ; เลขอ้างอิงที่เกี่ยวข้อง; ภาพหน้าจอ (ถ้ามี); ชื่อ-นามสกุลผู้แจ้ง","กรุณาแจ้ง: รายละเอียดรายการ; เลขอ้างอิงที่เกี่ยวข้อง; ภาพหน้าจอ (ถ้ามี); ชื่อ-นามสกุลผู้แจ้ง","Incident","เปิดเคสและส่งต่อ ฝ่ายบัญชี","ฝ่ายบัญชี","Approved","Active"
"KB-050","KB-050","ระบบมีการหย่อนข้อมูลซ้ำซ้อน","DSS","Policy Issue & Integration","DSS, Policy Issue & Integration, มีการหย่อนข้อมูลซ้ำซ้อน, IT Helpdesk","กรุณาเปิดเคสผ่าน SysAid ในหัวข้อ “ระบบมีการหย่อนข้อมูลซ้ำซ้อน” พร้อมแนบข้อมูลที่จำเป็น ทีม IT Helpdesk จะตรวจสอบต่อ โดย Agent จะไม่คาดเดาสาเหตุหรือผลการแก้ไข","เลขที่ใบคำขอ; เลขกรมธรรม์; เลขที่หน้าตาราง; ชื่อ-นามสกุล; ภาพหน้าจอหรือข้อความ Error; เวลาที่พบปัญหา","กรุณาแจ้ง: เลขที่ใบคำขอ; เลขกรมธรรม์; เลขที่หน้าตาราง; ชื่อ-นามสกุล; ภาพหน้าจอหรือข้อความ Error; เวลาที่พบปัญหา","Incident","เปิดเคสและส่งต่อ IT Helpdesk","IT Helpdesk","Approved","Active"
"KB-051","KB-051","ข้อมูล พ.ร.บ. ใน DSS ไม่เป็นข้อมูลปัจจุบัน","DSS","General Support","DSS, General Support, ข้อมูล พ.ร.บ. ใน DSS ไม่เป็นข้อมูลปัจจุบัน, IT Helpdesk","กรุณาเปิดเคสผ่าน SysAid ในหัวข้อ “ข้อมูล พ.ร.บ. ใน DSS ไม่เป็นข้อมูลปัจจุบัน” พร้อมแนบข้อมูลที่จำเป็น ทีม IT Helpdesk จะตรวจสอบต่อ โดย Agent จะไม่คาดเดาสาเหตุหรือผลการแก้ไข","เลขที่ใบคำขอ; เลขกรมธรรม์; เลขที่หน้าตาราง; ชื่อ-นามสกุล; ภาพหน้าจอหรือข้อความ Error; เวลาที่พบปัญหา","กรุณาแจ้ง: เลขที่ใบคำขอ; เลขกรมธรรม์; เลขที่หน้าตาราง; ชื่อ-นามสกุล; ภาพหน้าจอหรือข้อความ Error; เวลาที่พบปัญหา","Incident","เปิดเคสและส่งต่อ IT Helpdesk","IT Helpdesk","Approved","Active"
"KB-052","KB-052","พิมพ์งานในระบบ DSS ไม่ได้","DSS","Policy Issue & Integration","DSS, Policy Issue & Integration, พิมพ์งาน DSS ไม่ได้, IT Helpdesk","กรุณาเปิดเคสผ่าน SysAid ในหัวข้อ “พิมพ์งานในระบบ DSS ไม่ได้” พร้อมแนบข้อมูลที่จำเป็น ทีม IT Helpdesk จะตรวจสอบต่อ โดย Agent จะไม่คาดเดาสาเหตุหรือผลการแก้ไข","เลขที่ใบคำขอ; เลขกรมธรรม์; เลขที่หน้าตาราง; ชื่อ-นามสกุล; ภาพหน้าจอหรือข้อความ Error; เวลาที่พบปัญหา","กรุณาแจ้ง: เลขที่ใบคำขอ; เลขกรมธรรม์; เลขที่หน้าตาราง; ชื่อ-นามสกุล; ภาพหน้าจอหรือข้อความ Error; เวลาที่พบปัญหา","Incident","เปิดเคสและส่งต่อ IT Helpdesk","IT Helpdesk","Approved","Active"
"KB-053","KB-053","ไม่สามารถชำระเงินได้ เนื่องจาก Batch รวมกัน","DSS","Payment & Credit","DSS, Payment & Credit, ไม่สามารถชำระเงินได้ เนื่องจาก Batch รวมกัน, IT Helpdesk","กรุณาเปิดเคสผ่าน SysAid ในหัวข้อ “ไม่สามารถชำระเงินได้ เนื่องจาก Batch รวมกัน” พร้อมแนบข้อมูลที่จำเป็น ทีม IT Helpdesk จะตรวจสอบต่อ โดย Agent จะไม่คาดเดาสาเหตุหรือผลการแก้ไข","เลขที่ใบคำขอ; เลขกรมธรรม์; เลขที่หน้าตาราง; ชื่อ-นามสกุล; ภาพหน้าจอหรือข้อความ Error; เวลาที่พบปัญหา","กรุณาแจ้ง: เลขที่ใบคำขอ; เลขกรมธรรม์; เลขที่หน้าตาราง; ชื่อ-นามสกุล; ภาพหน้าจอหรือข้อความ Error; เวลาที่พบปัญหา","Incident","เปิดเคสและส่งต่อ IT Helpdesk","IT Helpdesk","Approved","Active"
"KB-054","KB-054","ไม่สามารถบันทึกงานในระบบ DSS ได้","DSS","System Incident","DSS, System Incident, ไม่สามารถบันทึกงาน DSS ได้, IT Helpdesk","กรุณาเปิดเคสผ่าน SysAid ในหัวข้อ “ไม่สามารถบันทึกงานในระบบ DSS ได้” พร้อมแนบข้อมูลที่จำเป็น ทีม IT Helpdesk จะตรวจสอบต่อ โดย Agent จะไม่คาดเดาสาเหตุหรือผลการแก้ไข","เลขที่ใบคำขอ; เลขกรมธรรม์; เลขที่หน้าตาราง; ชื่อ-นามสกุล; ภาพหน้าจอหรือข้อความ Error; เวลาที่พบปัญหา","กรุณาแจ้ง: เลขที่ใบคำขอ; เลขกรมธรรม์; เลขที่หน้าตาราง; ชื่อ-นามสกุล; ภาพหน้าจอหรือข้อความ Error; เวลาที่พบปัญหา","Incident","เปิดเคสและส่งต่อ IT Helpdesk","IT Helpdesk","Approved","Active"
"KB-055","KB-055","กรมธรรม์ไม่หย่อนเข้าระบบ DSS","DSS","Policy Issue & Integration","DSS, Policy Issue & Integration, กรมธรรม์ไม่หย่อนเข้า DSS, IT Helpdesk","กรุณาเปิดเคสผ่าน SysAid ในหัวข้อ “กรมธรรม์ไม่หย่อนเข้าระบบ DSS” พร้อมแนบข้อมูลที่จำเป็น ทีม IT Helpdesk จะตรวจสอบต่อ โดย Agent จะไม่คาดเดาสาเหตุหรือผลการแก้ไข","เลขที่ใบคำขอ; เลขกรมธรรม์; เลขที่หน้าตาราง; ชื่อ-นามสกุล; ภาพหน้าจอหรือข้อความ Error; เวลาที่พบปัญหา","กรุณาแจ้ง: เลขที่ใบคำขอ; เลขกรมธรรม์; เลขที่หน้าตาราง; ชื่อ-นามสกุล; ภาพหน้าจอหรือข้อความ Error; เวลาที่พบปัญหา","Incident","เปิดเคสและส่งต่อ IT Helpdesk","IT Helpdesk","Approved","Active"
"KB-056","KB-056","งาน พ.ร.บ. ชำระเงินวันนี้ แต่วันที่ในระบบเป็นวันอื่น","DSS","Payment & Credit","DSS, Payment & Credit, งาน พ.ร.บ. ชำระเงินวันนี้ แต่วันที่เป็นวันอื่น, IT Helpdesk","กรุณาเปิดเคสผ่าน SysAid ในหัวข้อ “งาน พ.ร.บ. ชำระเงินวันนี้ แต่วันที่ในระบบเป็นวันอื่น” พร้อมแนบข้อมูลที่จำเป็น ทีม IT Helpdesk จะตรวจสอบต่อ โดย Agent จะไม่คาดเดาสาเหตุหรือผลการแก้ไข","เลขที่ใบคำขอ; เลขกรมธรรม์; เลขที่หน้าตาราง; ชื่อ-นามสกุล; ภาพหน้าจอหรือข้อความ Error; เวลาที่พบปัญหา","กรุณาแจ้ง: เลขที่ใบคำขอ; เลขกรมธรรม์; เลขที่หน้าตาราง; ชื่อ-นามสกุล; ภาพหน้าจอหรือข้อความ Error; เวลาที่พบปัญหา","Incident","เปิดเคสและส่งต่อ IT Helpdesk","IT Helpdesk","Approved","Active"
"KB-057","KB-057","ข้อมูล PCS ที่ Ref ไม่ Stamp","PCS","Policy Issue & Integration","PCS, Policy Issue & Integration, ข้อมูล PCS ที่ Ref ไม่ Stamp, IT Helpdesk","กรุณาเปิดเคสผ่าน SysAid ในหัวข้อ “ข้อมูล PCS ที่ Ref ไม่ Stamp” พร้อมแนบข้อมูลที่จำเป็น ทีม IT Helpdesk จะตรวจสอบต่อ โดย Agent จะไม่คาดเดาสาเหตุหรือผลการแก้ไข","เลขที่ใบคำขอ; เลขกรมธรรม์; เลขที่หน้าตาราง; ชื่อ-นามสกุล; ภาพหน้าจอหรือข้อความ Error; เวลาที่พบปัญหา","กรุณาแจ้ง: เลขที่ใบคำขอ; เลขกรมธรรม์; เลขที่หน้าตาราง; ชื่อ-นามสกุล; ภาพหน้าจอหรือข้อความ Error; เวลาที่พบปัญหา","Incident","เปิดเคสและส่งต่อ IT Helpdesk","IT Helpdesk","Approved","Active"
"KB-058","KB-058","ซื้อ พ.ร.บ. ออนไลน์แล้วระบบไม่แสดง QR Code","CMI Online","General Support","CMI Online, General Support, ซื้อ พ.ร.บ. ออนไลน์แล้วไม่แสดง QR Code, IT Helpdesk","กรุณาเปิดเคสผ่าน SysAid ในหัวข้อ “ซื้อ พ.ร.บ. ออนไลน์แล้วระบบไม่แสดง QR Code” พร้อมแนบข้อมูลที่จำเป็น ทีม IT Helpdesk จะตรวจสอบต่อ โดย Agent จะไม่คาดเดาสาเหตุหรือผลการแก้ไข","เลขที่ใบคำขอ; เลขกรมธรรม์; เลขที่หน้าตาราง; ชื่อ-นามสกุล; ภาพหน้าจอหรือข้อความ Error; เวลาที่พบปัญหา","กรุณาแจ้ง: เลขที่ใบคำขอ; เลขกรมธรรม์; เลขที่หน้าตาราง; ชื่อ-นามสกุล; ภาพหน้าจอหรือข้อความ Error; เวลาที่พบปัญหา","Incident","เปิดเคสและส่งต่อ IT Helpdesk","IT Helpdesk","Approved","Active"
"KB-059","KB-059","ขอเพิ่มรุ่นรถไฟฟ้า","DSS","Master Data & Underwriting","DSS, Master Data & Underwriting, ขอเพิ่มรุ่นรถไฟฟ้า, ฝ่ายรับประกันภัยรถยนต์","รับทราบปัญหาครับ รายการนี้ยังต้องตรวจสอบคำตอบและเส้นทางส่งต่อกับเจ้าของข้อมูลก่อน เพื่อป้องกันการให้ข้อมูลผิด กรุณาส่งข้อมูลที่ระบุ แล้วระบบจะเปิดเคสให้ทีมที่เกี่ยวข้องตรวจสอบ","รายละเอียดรายการ; เลขอ้างอิงที่เกี่ยวข้อง; ภาพหน้าจอ (ถ้ามี); ชื่อ-นามสกุลผู้แจ้ง","กรุณาแจ้ง: รายละเอียดรายการ; เลขอ้างอิงที่เกี่ยวข้อง; ภาพหน้าจอ (ถ้ามี); ชื่อ-นามสกุลผู้แจ้ง","Business Support","เปิดเคสและส่งต่อ ฝ่ายรับประกันภัยรถยนต์","ฝ่ายรับประกันภัยรถยนต์","Approved","Active"
"KB-060","KB-060","ระบบ PR แล้ว แต่ไม่สามารถดึงต่ออายุได้","RenewalMotor","Renewal","RenewalMotor, Renewal, PR แล้ว แต่ไม่สามารถดึงต่ออายุได้, IT Helpdesk","กรุณาเปิดเคสผ่าน SysAid ในหัวข้อ “ระบบ PR แล้ว แต่ไม่สามารถดึงต่ออายุได้” พร้อมแนบข้อมูลที่จำเป็น ทีม IT Helpdesk จะตรวจสอบต่อ โดย Agent จะไม่คาดเดาสาเหตุหรือผลการแก้ไข","เลขที่ใบคำขอ; เลขกรมธรรม์; เลขที่หน้าตาราง; ชื่อ-นามสกุล; ภาพหน้าจอหรือข้อความ Error; เวลาที่พบปัญหา","กรุณาแจ้ง: เลขที่ใบคำขอ; เลขกรมธรรม์; เลขที่หน้าตาราง; ชื่อ-นามสกุล; ภาพหน้าจอหรือข้อความ Error; เวลาที่พบปัญหา","Incident","เปิดเคสและส่งต่อ IT Helpdesk","IT Helpdesk","Approved","Active"
"KB-061","KB-061","ระบบ DSS ไม่ Import Text File Counter Service Offline","DSS","Policy Issue & Integration","DSS, Policy Issue & Integration, DSS ไม่ Import Text File Counter Service Offline, IT Helpdesk","กรุณาเปิดเคสผ่าน SysAid ในหัวข้อ “ระบบ DSS ไม่ Import Text File Counter Service Offline” พร้อมแนบข้อมูลที่จำเป็น ทีม IT Helpdesk จะตรวจสอบต่อ โดย Agent จะไม่คาดเดาสาเหตุหรือผลการแก้ไข","เลขที่ใบคำขอ; เลขกรมธรรม์; เลขที่หน้าตาราง; ชื่อ-นามสกุล; ภาพหน้าจอหรือข้อความ Error; เวลาที่พบปัญหา","กรุณาแจ้ง: เลขที่ใบคำขอ; เลขกรมธรรม์; เลขที่หน้าตาราง; ชื่อ-นามสกุล; ภาพหน้าจอหรือข้อความ Error; เวลาที่พบปัญหา","Incident","เปิดเคสและส่งต่อ IT Helpdesk","IT Helpdesk","Approved","Active"
"KB-062","KB-062","ไม่สามารถสั่งพิมพ์กรมธรรม์ในระบบ DSS ได้","DSS","Policy Issue & Integration","DSS, Policy Issue & Integration, ไม่สามารถสั่งพิมพ์กรมธรรม์ DSS ได้, IT Helpdesk","กรุณาเปิดเคสผ่าน SysAid ในหัวข้อ “ไม่สามารถสั่งพิมพ์กรมธรรม์ในระบบ DSS ได้” พร้อมแนบข้อมูลที่จำเป็น ทีม IT Helpdesk จะตรวจสอบต่อ โดย Agent จะไม่คาดเดาสาเหตุหรือผลการแก้ไข","เลขที่ใบคำขอ; เลขกรมธรรม์; เลขที่หน้าตาราง; ชื่อ-นามสกุล; ภาพหน้าจอหรือข้อความ Error; เวลาที่พบปัญหา","กรุณาแจ้ง: เลขที่ใบคำขอ; เลขกรมธรรม์; เลขที่หน้าตาราง; ชื่อ-นามสกุล; ภาพหน้าจอหรือข้อความ Error; เวลาที่พบปัญหา","Incident","เปิดเคสและส่งต่อ IT Helpdesk","IT Helpdesk","Approved","Active"
"KB-063","KB-063","Issue ไม่สำเร็จ","DSS","Policy Issue & Integration","DSS, Policy Issue & Integration, Issue ไม่สำเร็จ, IT Helpdesk","รับทราบปัญหาครับ รายการนี้ยังต้องตรวจสอบคำตอบและเส้นทางส่งต่อกับเจ้าของข้อมูลก่อน เพื่อป้องกันการให้ข้อมูลผิด กรุณาส่งข้อมูลที่ระบุ แล้วระบบจะเปิดเคสให้ทีมที่เกี่ยวข้องตรวจสอบ","เลขที่ใบคำขอ; เลขกรมธรรม์; เลขที่หน้าตาราง; ชื่อ-นามสกุล; ภาพหน้าจอหรือข้อความ Error; เวลาที่พบปัญหา","กรุณาแจ้ง: เลขที่ใบคำขอ; เลขกรมธรรม์; เลขที่หน้าตาราง; ชื่อ-นามสกุล; ภาพหน้าจอหรือข้อความ Error; เวลาที่พบปัญหา","Incident","เปิดเคสและส่งต่อ IT Helpdesk","IT Helpdesk","Approved","Active"
"KB-064","KB-064","ใบคำขอติดสถานะหย่อน Polisy400 ไม่สำเร็จ","DSS","Policy Issue & Integration","DSS, Policy Issue & Integration, ใบคำขอติดสถานะหย่อน Polisy400 ไม่สำเร็จ, ฝ่ายรับประกันภัยรถยนต์","รายการนี้อยู่ในความรับผิดชอบของฝ่ายรับประกันภัยรถยนต์ กรุณาส่งรายละเอียดที่จำเป็นเพื่อให้ตรวจสอบเรื่อง “ใบคำขอติดสถานะหย่อน Polisy400 ไม่สำเร็จ” โดย Agent จะไม่คาดเดาวิธีแก้ไข","รายละเอียดรายการ; เลขอ้างอิงที่เกี่ยวข้อง; ภาพหน้าจอ (ถ้ามี); ชื่อ-นามสกุลผู้แจ้ง","กรุณาแจ้ง: รายละเอียดรายการ; เลขอ้างอิงที่เกี่ยวข้อง; ภาพหน้าจอ (ถ้ามี); ชื่อ-นามสกุลผู้แจ้ง","Incident","เปิดเคสและส่งต่อ ฝ่ายรับประกันภัยรถยนต์","ฝ่ายรับประกันภัยรถยนต์","Approved","Active"
"KB-065","KB-065","ตัดกรมธรรม์สำเร็จและใบรับเงินออกแล้ว แต่สถานะข้อมูลไม่สอดคล้อง","DSS","General Support","DSS, General Support, ตัดกรมธรรม์สำเร็จและใบรับเงินออกแล้ว แต่สถานะข้อมูลไม่สอดคล้อง, IT Helpdesk","รับทราบปัญหาครับ รายการนี้ยังต้องตรวจสอบคำตอบและเส้นทางส่งต่อกับเจ้าของข้อมูลก่อน เพื่อป้องกันการให้ข้อมูลผิด กรุณาส่งข้อมูลที่ระบุ แล้วระบบจะเปิดเคสให้ทีมที่เกี่ยวข้องตรวจสอบ","เลขที่ใบคำขอ; เลขกรมธรรม์; เลขที่หน้าตาราง; ชื่อ-นามสกุล; ภาพหน้าจอหรือข้อความ Error; เวลาที่พบปัญหา","กรุณาแจ้ง: เลขที่ใบคำขอ; เลขกรมธรรม์; เลขที่หน้าตาราง; ชื่อ-นามสกุล; ภาพหน้าจอหรือข้อความ Error; เวลาที่พบปัญหา","Incident","เปิดเคสและส่งต่อ IT Helpdesk","IT Helpdesk","Approved","Active"
"KB-066","KB-066","Issue พ.ร.บ. และออกใบรับเงินอัตโนมัติแล้ว แต่ดึงข้อมูลมาพิมพ์ไม่ได้","DSS","Policy Issue & Integration","DSS, Policy Issue & Integration, Issue พ.ร.บ. และออกใบรับเงินอัตโนมัติแล้ว แต่ดึงข้อมูลมาพิมพ์ไม่ได้, IT Helpdesk","กรุณาเปิดเคสผ่าน SysAid ในหัวข้อ “Issue พ.ร.บ. และออกใบรับเงินอัตโนมัติแล้ว แต่ดึงข้อมูลมาพิมพ์ไม่ได้” พร้อมแนบข้อมูลที่จำเป็น ทีม IT Helpdesk จะตรวจสอบต่อ โดย Agent จะไม่คาดเดาสาเหตุหรือผลการแก้ไข","เลขที่ใบคำขอ; เลขกรมธรรม์; เลขที่หน้าตาราง; ชื่อ-นามสกุล; ภาพหน้าจอหรือข้อความ Error; เวลาที่พบปัญหา","กรุณาแจ้ง: เลขที่ใบคำขอ; เลขกรมธรรม์; เลขที่หน้าตาราง; ชื่อ-นามสกุล; ภาพหน้าจอหรือข้อความ Error; เวลาที่พบปัญหา","Incident","เปิดเคสและส่งต่อ IT Helpdesk","IT Helpdesk","Approved","Active"
"KB-067","KB-067","ไม่สามารถส่งข้อมูลกลับไปแก้ไขในระบบ DSS ได้","DSS","General Support","DSS, General Support, ไม่สามารถส่งข้อมูลกลับไปแก้ไข DSS ได้, IT Helpdesk","กรุณาเปิดเคสผ่าน SysAid ในหัวข้อ “ไม่สามารถส่งข้อมูลกลับไปแก้ไขในระบบ DSS ได้” พร้อมแนบข้อมูลที่จำเป็น ทีม IT Helpdesk จะตรวจสอบต่อ โดย Agent จะไม่คาดเดาสาเหตุหรือผลการแก้ไข","เลขที่ใบคำขอ; เลขกรมธรรม์; เลขที่หน้าตาราง; ชื่อ-นามสกุล; ภาพหน้าจอหรือข้อความ Error; เวลาที่พบปัญหา","กรุณาแจ้ง: เลขที่ใบคำขอ; เลขกรมธรรม์; เลขที่หน้าตาราง; ชื่อ-นามสกุล; ภาพหน้าจอหรือข้อความ Error; เวลาที่พบปัญหา","Incident","เปิดเคสและส่งต่อ IT Helpdesk","IT Helpdesk","Approved","Active"
"KB-068","KB-068","ใบตรวจสอบไม่แสดงยี่ห้อหรือรุ่นรถยนต์","DSS","General Support","DSS, General Support, ใบตรวจสอบไม่แสดงยี่ห้อหรือรุ่นรถยนต์, IT Helpdesk","รับทราบปัญหาครับ รายการนี้ยังต้องตรวจสอบคำตอบและเส้นทางส่งต่อกับเจ้าของข้อมูลก่อน เพื่อป้องกันการให้ข้อมูลผิด กรุณาส่งข้อมูลที่ระบุ แล้วระบบจะเปิดเคสให้ทีมที่เกี่ยวข้องตรวจสอบ","เลขที่ใบคำขอ; เลขกรมธรรม์; เลขที่หน้าตาราง; ชื่อ-นามสกุล; ภาพหน้าจอหรือข้อความ Error; เวลาที่พบปัญหา","กรุณาแจ้ง: เลขที่ใบคำขอ; เลขกรมธรรม์; เลขที่หน้าตาราง; ชื่อ-นามสกุล; ภาพหน้าจอหรือข้อความ Error; เวลาที่พบปัญหา","Incident","เปิดเคสและส่งต่อ IT Helpdesk","IT Helpdesk","Approved","Active"
"KB-069","KB-069","ออกกรมธรรม์สำเร็จแล้ว แต่เลขกรมธรรม์ไม่ขึ้น","DSS","Policy Issue & Integration","DSS, Policy Issue & Integration, ออกกรมธรรม์สำเร็จแล้ว แต่เลขกรมธรรม์ไม่ขึ้น, IT Helpdesk","กรุณาเปิดเคสผ่าน SysAid ในหัวข้อ “ออกกรมธรรม์สำเร็จแล้ว แต่เลขกรมธรรม์ไม่ขึ้น” พร้อมแนบข้อมูลที่จำเป็น ทีม IT Helpdesk จะตรวจสอบต่อ โดย Agent จะไม่คาดเดาสาเหตุหรือผลการแก้ไข","เลขที่ใบคำขอ; เลขกรมธรรม์; เลขที่หน้าตาราง; ชื่อ-นามสกุล; ภาพหน้าจอหรือข้อความ Error; เวลาที่พบปัญหา","กรุณาแจ้ง: เลขที่ใบคำขอ; เลขกรมธรรม์; เลขที่หน้าตาราง; ชื่อ-นามสกุล; ภาพหน้าจอหรือข้อความ Error; เวลาที่พบปัญหา","Incident","เปิดเคสและส่งต่อ IT Helpdesk","IT Helpdesk","Approved","Active"
"KB-070","KB-070","ระบบ DSS ส่ง API ไม่ผ่าน","DSS","Policy Issue & Integration","DSS, Policy Issue & Integration, DSS ส่ง API ไม่ผ่าน, IT / Infrastructure","กรุณาเปิดเคสผ่าน SysAid ในหัวข้อ “ระบบ DSS ส่ง API ไม่ผ่าน” พร้อมแนบข้อมูลที่จำเป็น ทีม IT / Infrastructure จะตรวจสอบต่อ โดย Agent จะไม่คาดเดาสาเหตุหรือผลการแก้ไข","ข้อความ Error; ภาพหน้าจอ; เวลาที่พบปัญหา; User/Agent/Source; ผลกระทบและจำนวนผู้ใช้งาน","กรุณาแจ้ง: ข้อความ Error; ภาพหน้าจอ; เวลาที่พบปัญหา; User/Agent/Source; ผลกระทบและจำนวนผู้ใช้งาน","Incident","เปิดเคสและส่งต่อ IT / Infrastructure","IT / Infrastructure","Approved","Active"
"KB-071","KB-071","งานต่ออายุเข้าระบบ DSS แล้ว แต่ตัวแทนพิมพ์กรมธรรม์ไม่ได้","DSS","Policy Issue & Integration","DSS, Policy Issue & Integration, งานต่ออายุเข้า DSS แล้ว แต่ตัวแทนพิมพ์กรมธรรม์ไม่ได้, IT Helpdesk","กรุณาเปิดเคสผ่าน SysAid ในหัวข้อ “งานต่ออายุเข้าระบบ DSS แล้ว แต่ตัวแทนพิมพ์กรมธรรม์ไม่ได้” พร้อมแนบข้อมูลที่จำเป็น ทีม IT Helpdesk จะตรวจสอบต่อ โดย Agent จะไม่คาดเดาสาเหตุหรือผลการแก้ไข","เลขที่ใบคำขอ; เลขกรมธรรม์; เลขที่หน้าตาราง; ชื่อ-นามสกุล; ภาพหน้าจอหรือข้อความ Error; เวลาที่พบปัญหา","กรุณาแจ้ง: เลขที่ใบคำขอ; เลขกรมธรรม์; เลขที่หน้าตาราง; ชื่อ-นามสกุล; ภาพหน้าจอหรือข้อความ Error; เวลาที่พบปัญหา","Incident","เปิดเคสและส่งต่อ IT Helpdesk","IT Helpdesk","Approved","Active"
"KB-072","KB-072","ระบบ DSS แจ้งว่าไม่มีเงินในเครดิต","DSS","Payment & Credit","DSS, Payment & Credit, DSS แจ้งว่าไม่มีเงินในเครดิต, IT Helpdesk","กรุณาเปิดเคสผ่าน SysAid ในหัวข้อ “ระบบ DSS แจ้งว่าไม่มีเงินในเครดิต” พร้อมแนบข้อมูลที่จำเป็น ทีม IT Helpdesk จะตรวจสอบต่อ โดย Agent จะไม่คาดเดาสาเหตุหรือผลการแก้ไข","Agent; Source; ชื่อ-นามสกุล; ยอดเครดิตที่แสดง; ภาพหน้าจอ","กรุณาแจ้ง: Agent; Source; ชื่อ-นามสกุล; ยอดเครดิตที่แสดง; ภาพหน้าจอ","Incident","เปิดเคสและส่งต่อ IT Helpdesk","IT Helpdesk","Approved","Active"
"KB-073","KB-073","ระบบตรวจสภาพไม่สามารถแนบรูปได้","Carcheck","System Incident","Carcheck, System Incident, ตรวจสภาพไม่สามารถแนบรูปได้, IT / SA","กรุณาเปิดเคสผ่าน SysAid ในหัวข้อ “ระบบตรวจสภาพไม่สามารถแนบรูปได้” พร้อมแนบข้อมูลที่จำเป็น ทีม IT / SA จะตรวจสอบต่อ โดย Agent จะไม่คาดเดาสาเหตุหรือผลการแก้ไข","ข้อความ Error; ภาพหน้าจอ; เวลาที่พบปัญหา; User/Agent/Source; ผลกระทบและจำนวนผู้ใช้งาน","กรุณาแจ้ง: ข้อความ Error; ภาพหน้าจอ; เวลาที่พบปัญหา; User/Agent/Source; ผลกระทบและจำนวนผู้ใช้งาน","Incident","เปิดเคสและส่งต่อ IT / SA","IT / SA","Approved","Active"
"KB-074","KB-074","วงเงินเครดิตเต็ม ทำให้ไม่สามารถใช้งานระบบ DSS ได้","DSS","Payment & Credit","DSS, Payment & Credit, วงเงินเครดิตเต็ม ทำให้ไม่สามารถใช้งาน DSS ได้, IT / SA","กรุณาเปิดเคสผ่าน SysAid ในหัวข้อ “วงเงินเครดิตเต็ม ทำให้ไม่สามารถใช้งานระบบ DSS ได้” พร้อมแนบข้อมูลที่จำเป็น ทีม IT / SA จะตรวจสอบต่อ โดย Agent จะไม่คาดเดาสาเหตุหรือผลการแก้ไข","Agent; Source; ชื่อ-นามสกุล; ยอดเครดิตที่แสดง; ภาพหน้าจอ","กรุณาแจ้ง: Agent; Source; ชื่อ-นามสกุล; ยอดเครดิตที่แสดง; ภาพหน้าจอ","Incident","เปิดเคสและส่งต่อ IT / SA","IT / SA","Approved","Active"