"KB_ID","System","Category","Issue_Title","User_Utterance_Variants","Keywords","Required_Information","Approved_Answer","Followup_Question","Action_Type","Severity","Escalation_Rule","Owner","Confidence_Level","Review_Status","Is_Active","Last_Reviewed","Agent_Guardrail","Source_Row"
"KB-001","DSS","Access & Identity","ขอปลดล็อก User ในระบบ DSS","ขอปลดล็อก User ในระบบ DSS | ขอปลดล็อก User ในระบบ DSS | ขอปลดล็อก User ในDSS","DSS, Access & Identity, ขอปลดล็อก User  DSS, IT Helpdesk","Agent; Source; ชื่อ-นามสกุล","กรุณาเปิดคำขอผ่าน SysAid โดยเลือกหัวข้อ “ขอปลดล็อกบนระบบ DSS” และแนบ Agent, Source และชื่อ-นามสกุล","กรุณาแจ้ง: Agent; Source; ชื่อ-นามสกุล","Service Request","P3 Normal","เปิดเคสและส่งต่อ IT Helpdesk","IT Helpdesk","High","Ready for Pilot","Active","0","ตอบเฉพาะ Approved_Answer; หากคำถามไม่ตรงหรือข้อมูลไม่ครบให้ถามเพิ่ม/เปิดเคส; ห้ามเดาสาเหตุหรือขั้นตอน","1"
"KB-002","DSS","Access & Identity","ขอ Reset Password ในระบบ DSS","ขอ Reset Password ในระบบ DSS | ขอ Reset Password ในระบบ DSS | ขอ Reset Password ในDSS","DSS, Access & Identity, ขอ Reset Password  DSS, IT Helpdesk","Agent; Source; ชื่อ-นามสกุล","กรุณาเปิดคำขอผ่าน SysAid โดยเลือกหัวข้อ “เปลี่ยน Password บนระบบ DSS” และแนบ Agent, Source และชื่อ-นามสกุล","กรุณาแจ้ง: Agent; Source; ชื่อ-นามสกุล","Service Request","P3 Normal","เปิดเคสและส่งต่อ IT Helpdesk","IT Helpdesk","High","Ready for Pilot","Active","0","ตอบเฉพาะ Approved_Answer; หากคำถามไม่ตรงหรือข้อมูลไม่ครบให้ถามเพิ่ม/เปิดเคส; ห้ามเดาสาเหตุหรือขั้นตอน","2"
"KB-003","DSS","Access & Identity","ขอ User และ Password เพื่อเข้าใช้งานระบบ DSS","ขอ User และ Password เพื่อเข้าใช้งานระบบ DSS | ขอ User และ Password เพื่อเข้าใช้งานระบบ DSS | ขอ User และ Password เพื่อเข้าใช้งานDSS","DSS, Access & Identity, ขอ User และ Password เพื่อเข้าใช้งาน DSS, IT Helpdesk","Agent; Source; ชื่อ-นามสกุล; เบอร์โทรศัพท์; Email; เอกสารขอใช้งานระบบ DSS","กรุณาเปิดคำขอผ่าน SysAid โดยเลือกหัวข้อ “ขอเปิดใช้งานระบบ DSS เพื่อขายงาน” พร้อมแนบ Agent, Source, ชื่อ-นามสกุล, เบอร์โทรศัพท์, Email และเอกสารขอใช้งาน","กรุณาแจ้ง: Agent; Source; ชื่อ-นามสกุล; เบอร์โทรศัพท์; Email; เอกสารขอใช้งานระบบ DSS","Service Request","P3 Normal","เปิดเคสและส่งต่อ IT Helpdesk","IT Helpdesk","High","Ready for Pilot","Active","0","ตอบเฉพาะ Approved_Answer; หากคำถามไม่ตรงหรือข้อมูลไม่ครบให้ถามเพิ่ม/เปิดเคส; ห้ามเดาสาเหตุหรือขั้นตอน","3"
"KB-004","DSS","Access & Identity","เปลี่ยนเบอร์โทรศัพท์เพื่อรับ OTP เข้าสู่ระบบ DSS","เปลี่ยนเบอร์โทรศัพท์เพื่อรับ OTP เข้าสู่ระบบ DSS | เปลี่ยนเบอร์โทรศัพท์เพื่อรับ OTP เข้าสู่ระบบ DSS | เปลี่ยนเบอร์โทรศัพท์เพื่อรับ OTP เข้าสู่DSS","DSS, Access & Identity, เปลี่ยนเบอร์โทรศัพท์เพื่อรับ OTP เข้าสู่ DSS, IT Helpdesk","Agent; Source; ชื่อ-นามสกุล; เบอร์โทรศัพท์ใหม่","กรุณาเปิดคำขอผ่าน SysAid โดยเลือกหัวข้อ “แก้ไขเบอร์ส่ง OTP บนระบบ DSS” พร้อมแนบข้อมูลที่จำเป็น","กรุณาแจ้ง: Agent; Source; ชื่อ-นามสกุล; เบอร์โทรศัพท์ใหม่","Service Request","P3 Normal","เปิดเคสและส่งต่อ IT Helpdesk","IT Helpdesk","High","Ready for Pilot","Active","0","ตอบเฉพาะ Approved_Answer; หากคำถามไม่ตรงหรือข้อมูลไม่ครบให้ถามเพิ่ม/เปิดเคส; ห้ามเดาสาเหตุหรือขั้นตอน","4"
"KB-005","DSS","Access & Identity","เปลี่ยน Email เพื่อรับ OTP เข้าสู่ระบบ DSS","เปลี่ยน Email เพื่อรับ OTP เข้าสู่ระบบ DSS | เปลี่ยน Email เพื่อรับ OTP เข้าสู่ระบบ DSS | เปลี่ยน Email เพื่อรับ OTP เข้าสู่DSS","DSS, Access & Identity, เปลี่ยน Email เพื่อรับ OTP เข้าสู่ DSS, IT Helpdesk","Agent; Source; ชื่อ-นามสกุล; Email ใหม่","กรุณาเปิดคำขอผ่าน SysAid โดยเลือกหัวข้อ “แก้ไข Email ส่ง OTP บนระบบ DSS” พร้อมแนบข้อมูลที่จำเป็น","กรุณาแจ้ง: Agent; Source; ชื่อ-นามสกุล; Email ใหม่","Service Request","P3 Normal","เปิดเคสและส่งต่อ IT Helpdesk","IT Helpdesk","High","Ready for Pilot","Active","0","ตอบเฉพาะ Approved_Answer; หากคำถามไม่ตรงหรือข้อมูลไม่ครบให้ถามเพิ่ม/เปิดเคส; ห้ามเดาสาเหตุหรือขั้นตอน","5"
"KB-006","DSS","Master Data & Underwriting","เบี้ยประกันไม่ขึ้นในระบบ DSS","เบี้ยประกันไม่ขึ้นในระบบ DSS | เบี้ยประกันไม่ขึ้นในระบบ DSS | เบี้ยประกันไม่ขึ้นในDSS","DSS, Master Data & Underwriting, เบี้ยประกันไม่ขึ้น DSS, ฝ่ายรับประกันภัยรถยนต์","รายละเอียดรายการ; เลขอ้างอิงที่เกี่ยวข้อง; ภาพหน้าจอ (ถ้ามี); ชื่อ-นามสกุลผู้แจ้ง","รายการนี้อยู่ในความรับผิดชอบของฝ่ายรับประกันภัยรถยนต์ กรุณาส่งรายละเอียดที่จำเป็นเพื่อให้ตรวจสอบเรื่อง “เบี้ยประกันไม่ขึ้นในระบบ DSS” โดย Agent จะไม่คาดเดาวิธีแก้ไข","กรุณาแจ้ง: รายละเอียดรายการ; เลขอ้างอิงที่เกี่ยวข้อง; ภาพหน้าจอ (ถ้ามี); ชื่อ-นามสกุลผู้แจ้ง","Business Support","P3 Normal","เปิดเคสและส่งต่อ ฝ่ายรับประกันภัยรถยนต์","ฝ่ายรับประกันภัยรถยนต์","Medium","Ready for Pilot","Active","0","ตอบเฉพาะ Approved_Answer; หากคำถามไม่ตรงหรือข้อมูลไม่ครบให้ถามเพิ่ม/เปิดเคส; ห้ามเดาสาเหตุหรือขั้นตอน","6"
"KB-007","DSS","System Incident","ระบบ DSS ช้า หมุนนาน หรือบันทึกงานไม่ได้","ระบบ DSS ช้า หมุนนาน หรือบันทึกงานไม่ได้ | ระบบ DSS ช้า หมุนนาน หรือบันทึกงานไม่ได้ | DSS ช้า หมุนนาน หรือบันทึกงานไม่ได้","DSS, System Incident, DSS ช้า หมุนนาน หรือบันทึกงานไม่ได้, IT / SA","ข้อความ Error; ภาพหน้าจอ; เวลาที่พบปัญหา; User/Agent/Source; ผลกระทบและจำนวนผู้ใช้งาน","กรุณาเปิดเคสผ่าน SysAid ในหัวข้อ “ระบบ DSS ช้า หมุนนาน หรือบันทึกงานไม่ได้” พร้อมแนบข้อมูลที่จำเป็น ทีม IT / SA จะตรวจสอบต่อ โดย Agent จะไม่คาดเดาสาเหตุหรือผลการแก้ไข","กรุณาแจ้ง: ข้อความ Error; ภาพหน้าจอ; เวลาที่พบปัญหา; User/Agent/Source; ผลกระทบและจำนวนผู้ใช้งาน","Incident","P2 High","เปิดเคสและส่งต่อ IT / SA","IT / SA","Medium","Ready for Pilot","Active","0","ตอบเฉพาะ Approved_Answer; หากคำถามไม่ตรงหรือข้อมูลไม่ครบให้ถามเพิ่ม/เปิดเคส; ห้ามเดาสาเหตุหรือขั้นตอน","7"
"KB-008","DSS","General Support","OTP ไม่ส่งมาที่ Email หรือเบอร์โทรศัพท์ในระบบ DSS","OTP ไม่ส่งมาที่ Email หรือเบอร์โทรศัพท์ในระบบ DSS | OTP ไม่ส่งมาที่ Email หรือเบอร์โทรศัพท์ในระบบ DSS | OTP ไม่ส่งมาที่ Email หรือเบอร์โทรศัพท์ในDSS","DSS, General Support, OTP ไม่ส่งมาที่ Email หรือเบอร์โทรศัพท์ DSS, IT / SA","ข้อความ Error; ภาพหน้าจอ; เวลาที่พบปัญหา; User/Agent/Source; ผลกระทบและจำนวนผู้ใช้งาน","กรุณาเปิดเคสผ่าน SysAid ในหัวข้อ “OTP ไม่ส่งมาที่ Email หรือเบอร์โทรศัพท์ในระบบ DSS” พร้อมแนบข้อมูลที่จำเป็น ทีม IT / SA จะตรวจสอบต่อ โดย Agent จะไม่คาดเดาสาเหตุหรือผลการแก้ไข","กรุณาแจ้ง: ข้อความ Error; ภาพหน้าจอ; เวลาที่พบปัญหา; User/Agent/Source; ผลกระทบและจำนวนผู้ใช้งาน","Incident","P3 Normal","เปิดเคสและส่งต่อ IT / SA","IT / SA","Medium","Ready for Pilot","Active","0","ตอบเฉพาะ Approved_Answer; หากคำถามไม่ตรงหรือข้อมูลไม่ครบให้ถามเพิ่ม/เปิดเคส; ห้ามเดาสาเหตุหรือขั้นตอน","8"
"KB-009","DSS","Renewal","ต่ออายุบนระบบ DSS ไม่ได้","ต่ออายุบนระบบ DSS ไม่ได้ | ต่ออายุบนระบบ DSS ไม่ได้ | ต่ออายุบนDSS ไม่ได้","DSS, Renewal, ต่ออายุบน DSS ไม่ได้, IT Helpdesk","เลขที่ใบคำขอ; เลขกรมธรรม์; เลขที่หน้าตาราง; ชื่อ-นามสกุล; ภาพหน้าจอหรือข้อความ Error; เวลาที่พบปัญหา","กรุณาเปิดเคสผ่าน SysAid ในหัวข้อ “ต่ออายุบนระบบ DSS ไม่ได้” พร้อมแนบข้อมูลที่จำเป็น ทีม IT Helpdesk จะตรวจสอบต่อ โดย Agent จะไม่คาดเดาสาเหตุหรือผลการแก้ไข","กรุณาแจ้ง: เลขที่ใบคำขอ; เลขกรมธรรม์; เลขที่หน้าตาราง; ชื่อ-นามสกุล; ภาพหน้าจอหรือข้อความ Error; เวลาที่พบปัญหา","Incident","P2 High","เปิดเคสและส่งต่อ IT Helpdesk","IT Helpdesk","Medium","Ready for Pilot","Active","0","ตอบเฉพาะ Approved_Answer; หากคำถามไม่ตรงหรือข้อมูลไม่ครบให้ถามเพิ่ม/เปิดเคส; ห้ามเดาสาเหตุหรือขั้นตอน","9"
"KB-010","DSS","Payment & Credit","ตัดวงเงินในระบบ DSS ไม่ได้","ตัดวงเงินในระบบ DSS ไม่ได้ | ตัดวงเงินในระบบ DSS ไม่ได้ | ตัดวงเงินในDSS ไม่ได้","DSS, Payment & Credit, ตัดวงเงิน DSS ไม่ได้, IT Helpdesk","เลขที่ใบคำขอ; เลขกรมธรรม์; เลขที่หน้าตาราง; ชื่อ-นามสกุล; ภาพหน้าจอหรือข้อความ Error; เวลาที่พบปัญหา","กรุณาเปิดเคสผ่าน SysAid ในหัวข้อ “ตัดวงเงินในระบบ DSS ไม่ได้” พร้อมแนบข้อมูลที่จำเป็น ทีม IT Helpdesk จะตรวจสอบต่อ โดย Agent จะไม่คาดเดาสาเหตุหรือผลการแก้ไข","กรุณาแจ้ง: เลขที่ใบคำขอ; เลขกรมธรรม์; เลขที่หน้าตาราง; ชื่อ-นามสกุล; ภาพหน้าจอหรือข้อความ Error; เวลาที่พบปัญหา","Incident","P2 High","เปิดเคสและส่งต่อ IT Helpdesk","IT Helpdesk","Medium","Ready for Pilot","Active","0","ตอบเฉพาะ Approved_Answer; หากคำถามไม่ตรงหรือข้อมูลไม่ครบให้ถามเพิ่ม/เปิดเคส; ห้ามเดาสาเหตุหรือขั้นตอน","10"
"KB-011","DSS","Master Data & Underwriting","ไม่พบแคมเปญในระบบ DSS","ไม่พบแคมเปญในระบบ DSS | ไม่พบแคมเปญในระบบ DSS | ไม่พบแคมเปญในDSS","DSS, Master Data & Underwriting, ไม่พบแคมเปญ DSS, ฝ่ายรับประกันภัยรถยนต์","รายละเอียดรายการ; เลขอ้างอิงที่เกี่ยวข้อง; ภาพหน้าจอ (ถ้ามี); ชื่อ-นามสกุลผู้แจ้ง","รายการนี้อยู่ในความรับผิดชอบของฝ่ายรับประกันภัยรถยนต์ กรุณาส่งรายละเอียดที่จำเป็นเพื่อให้ตรวจสอบเรื่อง “ไม่พบแคมเปญในระบบ DSS” โดย Agent จะไม่คาดเดาวิธีแก้ไข","กรุณาแจ้ง: รายละเอียดรายการ; เลขอ้างอิงที่เกี่ยวข้อง; ภาพหน้าจอ (ถ้ามี); ชื่อ-นามสกุลผู้แจ้ง","Business Support","P3 Normal","เปิดเคสและส่งต่อ ฝ่ายรับประกันภัยรถยนต์","ฝ่ายรับประกันภัยรถยนต์","Medium","Ready for Pilot","Active","0","ตอบเฉพาะ Approved_Answer; หากคำถามไม่ตรงหรือข้อมูลไม่ครบให้ถามเพิ่ม/เปิดเคส; ห้ามเดาสาเหตุหรือขั้นตอน","11"
"KB-012","DSS","Master Data & Underwriting","ต่ออายุประกันอุบัติเหตุ PA แล้วผู้รับผลประโยชน์ในหน้าตารางกรมธรรม์ไม่ครบ","ต่ออายุประกันอุบัติเหตุ PA แล้วผู้รับผลประโยชน์ในหน้าตารางกรมธรรม์ไม่ครบ | ต่ออายุประกันอุบัติเหตุ PA แล้วผู้รับผลประโยชน์ในหน้าตารางกรมธรรม์ไม่ครบ | ต่ออายุประกันอุบัติเหตุ PA แล้วผู้รับผลประโยชน์ในหน้าตารางกรมธรรม์ไม่ครบ","DSS, Master Data & Underwriting, ต่ออายุประกันอุบัติเหตุ PA แล้วผู้รับผลประโยชน์ในหน้าตารางกรมธรรม์ไม่ครบ, IT Helpdesk","เลขที่ใบคำขอ; เลขกรมธรรม์; เลขที่หน้าตาราง; ชื่อ-นามสกุล; ภาพหน้าจอหรือข้อความ Error; เวลาที่พบปัญหา","กรุณาเปิดเคสผ่าน SysAid ในหัวข้อ “ต่ออายุประกันอุบัติเหตุ PA แล้วผู้รับผลประโยชน์ในหน้าตารางกรมธรรม์ไม่ครบ” พร้อมแนบข้อมูลที่จำเป็น ทีม IT Helpdesk จะตรวจสอบต่อ โดย Agent จะไม่คาดเดาสาเหตุหรือผลการแก้ไข","กรุณาแจ้ง: เลขที่ใบคำขอ; เลขกรมธรรม์; เลขที่หน้าตาราง; ชื่อ-นามสกุล; ภาพหน้าจอหรือข้อความ Error; เวลาที่พบปัญหา","Business Support","P3 Normal","เปิดเคสและส่งต่อ IT Helpdesk","IT Helpdesk","Medium","Ready for Pilot","Active","0","ตอบเฉพาะ Approved_Answer; หากคำถามไม่ตรงหรือข้อมูลไม่ครบให้ถามเพิ่ม/เปิดเคส; ห้ามเดาสาเหตุหรือขั้นตอน","12"
"KB-013","DSS","Master Data & Underwriting","ในระบบไม่มีเบี้ยตามอายุรถ","ในระบบไม่มีเบี้ยตามอายุรถ | ในระบบไม่มีเบี้ยตามอายุรถ | ในระบบไม่มีเบี้ยตามอายุรถ","DSS, Master Data & Underwriting, ไม่มีเบี้ยตามอายุรถ, ฝ่ายรับประกันภัยรถยนต์","รายละเอียดรายการ; เลขอ้างอิงที่เกี่ยวข้อง; ภาพหน้าจอ (ถ้ามี); ชื่อ-นามสกุลผู้แจ้ง","รายการนี้อยู่ในความรับผิดชอบของฝ่ายรับประกันภัยรถยนต์ กรุณาส่งรายละเอียดที่จำเป็นเพื่อให้ตรวจสอบเรื่อง “ในระบบไม่มีเบี้ยตามอายุรถ” โดย Agent จะไม่คาดเดาวิธีแก้ไข","กรุณาแจ้ง: รายละเอียดรายการ; เลขอ้างอิงที่เกี่ยวข้อง; ภาพหน้าจอ (ถ้ามี); ชื่อ-นามสกุลผู้แจ้ง","Business Support","P3 Normal","เปิดเคสและส่งต่อ ฝ่ายรับประกันภัยรถยนต์","ฝ่ายรับประกันภัยรถยนต์","Medium","Ready for Pilot","Active","0","ตอบเฉพาะ Approved_Answer; หากคำถามไม่ตรงหรือข้อมูลไม่ครบให้ถามเพิ่ม/เปิดเคส; ห้ามเดาสาเหตุหรือขั้นตอน","13"
"KB-014","DSS","Master Data & Underwriting","ขอเพิ่มรุ่นหรือผูกเล่มเบี้ยประเภท Plus","ขอเพิ่มรุ่นหรือผูกเล่มเบี้ยประเภท Plus | ขอเพิ่มรุ่นหรือผูกเล่มเบี้ยประเภท Plus | ขอเพิ่มรุ่นหรือผูกเล่มเบี้ยประเภท Plus","DSS, Master Data & Underwriting, ขอเพิ่มรุ่นหรือผูกเล่มเบี้ยประเภท Plus, ฝ่ายรับประกันภัยรถยนต์","รายละเอียดรายการ; เลขอ้างอิงที่เกี่ยวข้อง; ภาพหน้าจอ (ถ้ามี); ชื่อ-นามสกุลผู้แจ้ง","รายการนี้อยู่ในความรับผิดชอบของฝ่ายรับประกันภัยรถยนต์ กรุณาส่งรายละเอียดที่จำเป็นเพื่อให้ตรวจสอบเรื่อง “ขอเพิ่มรุ่นหรือผูกเล่มเบี้ยประเภท Plus” โดย Agent จะไม่คาดเดาวิธีแก้ไข","กรุณาแจ้ง: รายละเอียดรายการ; เลขอ้างอิงที่เกี่ยวข้อง; ภาพหน้าจอ (ถ้ามี); ชื่อ-นามสกุลผู้แจ้ง","Business Support","P3 Normal","เปิดเคสและส่งต่อ ฝ่ายรับประกันภัยรถยนต์","ฝ่ายรับประกันภัยรถยนต์","Medium","Ready for Pilot","Active","0","ตอบเฉพาะ Approved_Answer; หากคำถามไม่ตรงหรือข้อมูลไม่ครบให้ถามเพิ่ม/เปิดเคส; ห้ามเดาสาเหตุหรือขั้นตอน","14"
"KB-015","DSS","Master Data & Underwriting","ขอเพิ่มรุ่นหรือผูกเล่มเบี้ยประเภท 3","ขอเพิ่มรุ่นหรือผูกเล่มเบี้ยประเภท 3 | ขอเพิ่มรุ่นหรือผูกเล่มเบี้ยประเภท 3 | ขอเพิ่มรุ่นหรือผูกเล่มเบี้ยประเภท 3","DSS, Master Data & Underwriting, ขอเพิ่มรุ่นหรือผูกเล่มเบี้ยประเภท 3, ฝ่ายรับประกันภัยรถยนต์","รายละเอียดรายการ; เลขอ้างอิงที่เกี่ยวข้อง; ภาพหน้าจอ (ถ้ามี); ชื่อ-นามสกุลผู้แจ้ง","รายการนี้อยู่ในความรับผิดชอบของฝ่ายรับประกันภัยรถยนต์ กรุณาส่งรายละเอียดที่จำเป็นเพื่อให้ตรวจสอบเรื่อง “ขอเพิ่มรุ่นหรือผูกเล่มเบี้ยประเภท 3” โดย Agent จะไม่คาดเดาวิธีแก้ไข","กรุณาแจ้ง: รายละเอียดรายการ; เลขอ้างอิงที่เกี่ยวข้อง; ภาพหน้าจอ (ถ้ามี); ชื่อ-นามสกุลผู้แจ้ง","Business Support","P3 Normal","เปิดเคสและส่งต่อ ฝ่ายรับประกันภัยรถยนต์","ฝ่ายรับประกันภัยรถยนต์","Medium","Ready for Pilot","Active","0","ตอบเฉพาะ Approved_Answer; หากคำถามไม่ตรงหรือข้อมูลไม่ครบให้ถามเพิ่ม/เปิดเคส; ห้ามเดาสาเหตุหรือขั้นตอน","15"
"KB-016","DSS","Master Data & Underwriting","ขอเพิ่มรุ่นหรือผูกเล่มเบี้ยประเภท 3+ หรือ 2+ อุ่นใจ","ขอเพิ่มรุ่นหรือผูกเล่มเบี้ยประเภท 3+ หรือ 2+ อุ่นใจ | ขอเพิ่มรุ่นหรือผูกเล่มเบี้ยประเภท 3+ หรือ 2+ อุ่นใจ | ขอเพิ่มรุ่นหรือผูกเล่มเบี้ยประเภท 3+ หรือ 2+ อุ่นใจ","DSS, Master Data & Underwriting, ขอเพิ่มรุ่นหรือผูกเล่มเบี้ยประเภท 3+ หรือ 2+ อุ่นใจ, ฝ่ายรับประกันภัยรถยนต์","รายละเอียดรายการ; เลขอ้างอิงที่เกี่ยวข้อง; ภาพหน้าจอ (ถ้ามี); ชื่อ-นามสกุลผู้แจ้ง","รายการนี้อยู่ในความรับผิดชอบของฝ่ายรับประกันภัยรถยนต์ กรุณาส่งรายละเอียดที่จำเป็นเพื่อให้ตรวจสอบเรื่อง “ขอเพิ่มรุ่นหรือผูกเล่มเบี้ยประเภท 3+ หรือ 2+ อุ่นใจ” โดย Agent จะไม่คาดเดาวิธีแก้ไข","กรุณาแจ้ง: รายละเอียดรายการ; เลขอ้างอิงที่เกี่ยวข้อง; ภาพหน้าจอ (ถ้ามี); ชื่อ-นามสกุลผู้แจ้ง","Business Support","P3 Normal","เปิดเคสและส่งต่อ ฝ่ายรับประกันภัยรถยนต์","ฝ่ายรับประกันภัยรถยนต์","Medium","Ready for Pilot","Active","0","ตอบเฉพาะ Approved_Answer; หากคำถามไม่ตรงหรือข้อมูลไม่ครบให้ถามเพิ่ม/เปิดเคส; ห้ามเดาสาเหตุหรือขั้นตอน","16"
"KB-017","DSS","Master Data & Underwriting","ไม่สามารถ Custom ได้ เนื่องจากไม่มีเล่มเบี้ยให้เลือก","ไม่สามารถ Custom ได้ เนื่องจากไม่มีเล่มเบี้ยให้เลือก | ทำไม่ได้ Custom ได้ เนื่องจากไม่มีเล่มเบี้ยให้เลือก | ไม่สามารถ Custom ได้ เนื่องจากไม่มีเล่มเบี้ยให้เลือก","DSS, Master Data & Underwriting, ไม่สามารถ Custom ได้ เนื่องจากไม่มีเล่มเบี้ยให้เลือก, IT Helpdesk","เลขที่ใบคำขอ; เลขกรมธรรม์; เลขที่หน้าตาราง; ชื่อ-นามสกุล; ภาพหน้าจอหรือข้อความ Error; เวลาที่พบปัญหา","กรุณาเปิดเคสผ่าน SysAid ในหัวข้อ “ไม่สามารถ Custom ได้ เนื่องจากไม่มีเล่มเบี้ยให้เลือก” พร้อมแนบข้อมูลที่จำเป็น ทีม IT Helpdesk จะตรวจสอบต่อ โดย Agent จะไม่คาดเดาสาเหตุหรือผลการแก้ไข","กรุณาแจ้ง: เลขที่ใบคำขอ; เลขกรมธรรม์; เลขที่หน้าตาราง; ชื่อ-นามสกุล; ภาพหน้าจอหรือข้อความ Error; เวลาที่พบปัญหา","Business Support","P3 Normal","เปิดเคสและส่งต่อ IT Helpdesk","IT Helpdesk","Medium","Ready for Pilot","Active","0","ตอบเฉพาะ Approved_Answer; หากคำถามไม่ตรงหรือข้อมูลไม่ครบให้ถามเพิ่ม/เปิดเคส; ห้ามเดาสาเหตุหรือขั้นตอน","17"
"KB-018","DSS","Master Data & Underwriting","ขอเพิ่มรุ่นหรือผูกเล่มเบี้ยประเภท 3++","ขอเพิ่มรุ่นหรือผูกเล่มเบี้ยประเภท 3++ | ขอเพิ่มรุ่นหรือผูกเล่มเบี้ยประเภท 3++ | ขอเพิ่มรุ่นหรือผูกเล่มเบี้ยประเภท 3++","DSS, Master Data & Underwriting, ขอเพิ่มรุ่นหรือผูกเล่มเบี้ยประเภท 3++, ฝ่ายรับประกันภัยรถยนต์","รายละเอียดรายการ; เลขอ้างอิงที่เกี่ยวข้อง; ภาพหน้าจอ (ถ้ามี); ชื่อ-นามสกุลผู้แจ้ง","รายการนี้อยู่ในความรับผิดชอบของฝ่ายรับประกันภัยรถยนต์ กรุณาส่งรายละเอียดที่จำเป็นเพื่อให้ตรวจสอบเรื่อง “ขอเพิ่มรุ่นหรือผูกเล่มเบี้ยประเภท 3++” โดย Agent จะไม่คาดเดาวิธีแก้ไข","กรุณาแจ้ง: รายละเอียดรายการ; เลขอ้างอิงที่เกี่ยวข้อง; ภาพหน้าจอ (ถ้ามี); ชื่อ-นามสกุลผู้แจ้ง","Business Support","P3 Normal","เปิดเคสและส่งต่อ ฝ่ายรับประกันภัยรถยนต์","ฝ่ายรับประกันภัยรถยนต์","Medium","Ready for Pilot","Active","0","ตอบเฉพาะ Approved_Answer; หากคำถามไม่ตรงหรือข้อมูลไม่ครบให้ถามเพิ่ม/เปิดเคส; ห้ามเดาสาเหตุหรือขั้นตอน","18"
"KB-019","DSS","Master Data & Underwriting","ขอเพิ่มรุ่นหรือผูกเล่มเบี้ยประเภท 2++","ขอเพิ่มรุ่นหรือผูกเล่มเบี้ยประเภท 2++ | ขอเพิ่มรุ่นหรือผูกเล่มเบี้ยประเภท 2++ | ขอเพิ่มรุ่นหรือผูกเล่มเบี้ยประเภท 2++","DSS, Master Data & Underwriting, ขอเพิ่มรุ่นหรือผูกเล่มเบี้ยประเภท 2++, ฝ่ายรับประกันภัยรถยนต์","รายละเอียดรายการ; เลขอ้างอิงที่เกี่ยวข้อง; ภาพหน้าจอ (ถ้ามี); ชื่อ-นามสกุลผู้แจ้ง","รายการนี้อยู่ในความรับผิดชอบของฝ่ายรับประกันภัยรถยนต์ กรุณาส่งรายละเอียดที่จำเป็นเพื่อให้ตรวจสอบเรื่อง “ขอเพิ่มรุ่นหรือผูกเล่มเบี้ยประเภท 2++” โดย Agent จะไม่คาดเดาวิธีแก้ไข","กรุณาแจ้ง: รายละเอียดรายการ; เลขอ้างอิงที่เกี่ยวข้อง; ภาพหน้าจอ (ถ้ามี); ชื่อ-นามสกุลผู้แจ้ง","Business Support","P3 Normal","เปิดเคสและส่งต่อ ฝ่ายรับประกันภัยรถยนต์","ฝ่ายรับประกันภัยรถยนต์","Medium","Ready for Pilot","Active","0","ตอบเฉพาะ Approved_Answer; หากคำถามไม่ตรงหรือข้อมูลไม่ครบให้ถามเพิ่ม/เปิดเคส; ห้ามเดาสาเหตุหรือขั้นตอน","19"
"KB-020","DSS","Master Data & Underwriting","ขอผูกเล่มเบี้ยประเภท 3++ สบายกระเป๋า","ขอผูกเล่มเบี้ยประเภท 3++ สบายกระเป๋า | ขอผูกเล่มเบี้ยประเภท 3++ สบายกระเป๋า | ขอผูกเล่มเบี้ยประเภท 3++ สบายกระเป๋า","DSS, Master Data & Underwriting, ขอผูกเล่มเบี้ยประเภท 3++ สบายกระเป๋า, ฝ่ายรับประกันภัยรถยนต์","รายละเอียดรายการ; เลขอ้างอิงที่เกี่ยวข้อง; ภาพหน้าจอ (ถ้ามี); ชื่อ-นามสกุลผู้แจ้ง","รายการนี้อยู่ในความรับผิดชอบของฝ่ายรับประกันภัยรถยนต์ กรุณาส่งรายละเอียดที่จำเป็นเพื่อให้ตรวจสอบเรื่อง “ขอผูกเล่มเบี้ยประเภท 3++ สบายกระเป๋า” โดย Agent จะไม่คาดเดาวิธีแก้ไข","กรุณาแจ้ง: รายละเอียดรายการ; เลขอ้างอิงที่เกี่ยวข้อง; ภาพหน้าจอ (ถ้ามี); ชื่อ-นามสกุลผู้แจ้ง","Business Support","P3 Normal","เปิดเคสและส่งต่อ ฝ่ายรับประกันภัยรถยนต์","ฝ่ายรับประกันภัยรถยนต์","Medium","Ready for Pilot","Active","0","ตอบเฉพาะ Approved_Answer; หากคำถามไม่ตรงหรือข้อมูลไม่ครบให้ถามเพิ่ม/เปิดเคส; ห้ามเดาสาเหตุหรือขั้นตอน","20"
"KB-021","DSS","Master Data & Underwriting","ขอเพิ่มเบี้ยซ่อมห้าง","ขอเพิ่มเบี้ยซ่อมห้าง | ขอเพิ่มเบี้ยซ่อมห้าง | ขอเพิ่มเบี้ยซ่อมห้าง","DSS, Master Data & Underwriting, ขอเพิ่มเบี้ยซ่อมห้าง, ฝ่ายรับประกันภัยรถยนต์","รายละเอียดรายการ; เลขอ้างอิงที่เกี่ยวข้อง; ภาพหน้าจอ (ถ้ามี); ชื่อ-นามสกุลผู้แจ้ง","รายการนี้อยู่ในความรับผิดชอบของฝ่ายรับประกันภัยรถยนต์ กรุณาส่งรายละเอียดที่จำเป็นเพื่อให้ตรวจสอบเรื่อง “ขอเพิ่มเบี้ยซ่อมห้าง” โดย Agent จะไม่คาดเดาวิธีแก้ไข","กรุณาแจ้ง: รายละเอียดรายการ; เลขอ้างอิงที่เกี่ยวข้อง; ภาพหน้าจอ (ถ้ามี); ชื่อ-นามสกุลผู้แจ้ง","Business Support","P3 Normal","เปิดเคสและส่งต่อ ฝ่ายรับประกันภัยรถยนต์","ฝ่ายรับประกันภัยรถยนต์","Medium","Ready for Pilot","Active","0","ตอบเฉพาะ Approved_Answer; หากคำถามไม่ตรงหรือข้อมูลไม่ครบให้ถามเพิ่ม/เปิดเคส; ห้ามเดาสาเหตุหรือขั้นตอน","21"
"KB-022","DSS","Master Data & Underwriting","ขอเพิ่มรุ่นหรือผูกเล่มเบี้ยประเภท 1","ขอเพิ่มรุ่นหรือผูกเล่มเบี้ยประเภท 1 | ขอเพิ่มรุ่นหรือผูกเล่มเบี้ยประเภท 1 | ขอเพิ่มรุ่นหรือผูกเล่มเบี้ยประเภท 1","DSS, Master Data & Underwriting, ขอเพิ่มรุ่นหรือผูกเล่มเบี้ยประเภท 1, ฝ่ายรับประกันภัยรถยนต์","รายละเอียดรายการ; เลขอ้างอิงที่เกี่ยวข้อง; ภาพหน้าจอ (ถ้ามี); ชื่อ-นามสกุลผู้แจ้ง","รายการนี้อยู่ในความรับผิดชอบของฝ่ายรับประกันภัยรถยนต์ กรุณาส่งรายละเอียดที่จำเป็นเพื่อให้ตรวจสอบเรื่อง “ขอเพิ่มรุ่นหรือผูกเล่มเบี้ยประเภท 1” โดย Agent จะไม่คาดเดาวิธีแก้ไข","กรุณาแจ้ง: รายละเอียดรายการ; เลขอ้างอิงที่เกี่ยวข้อง; ภาพหน้าจอ (ถ้ามี); ชื่อ-นามสกุลผู้แจ้ง","Business Support","P3 Normal","เปิดเคสและส่งต่อ ฝ่ายรับประกันภัยรถยนต์","ฝ่ายรับประกันภัยรถยนต์","Medium","Ready for Pilot","Active","0","ตอบเฉพาะ Approved_Answer; หากคำถามไม่ตรงหรือข้อมูลไม่ครบให้ถามเพิ่ม/เปิดเคส; ห้ามเดาสาเหตุหรือขั้นตอน","22"
"KB-023","DSS","Master Data & Underwriting","ขอเพิ่มรุ่นหรือผูกเล่มเบี้ยประเภท 3 คุ้มกัน","ขอเพิ่มรุ่นหรือผูกเล่มเบี้ยประเภท 3 คุ้มกัน | ขอเพิ่มรุ่นหรือผูกเล่มเบี้ยประเภท 3 คุ้มกัน | ขอเพิ่มรุ่นหรือผูกเล่มเบี้ยประเภท 3 คุ้มกัน","DSS, Master Data & Underwriting, ขอเพิ่มรุ่นหรือผูกเล่มเบี้ยประเภท 3 คุ้มกัน, ฝ่ายรับประกันภัยรถยนต์","รายละเอียดรายการ; เลขอ้างอิงที่เกี่ยวข้อง; ภาพหน้าจอ (ถ้ามี); ชื่อ-นามสกุลผู้แจ้ง","รายการนี้อยู่ในความรับผิดชอบของฝ่ายรับประกันภัยรถยนต์ กรุณาส่งรายละเอียดที่จำเป็นเพื่อให้ตรวจสอบเรื่อง “ขอเพิ่มรุ่นหรือผูกเล่มเบี้ยประเภท 3 คุ้มกัน” โดย Agent จะไม่คาดเดาวิธีแก้ไข","กรุณาแจ้ง: รายละเอียดรายการ; เลขอ้างอิงที่เกี่ยวข้อง; ภาพหน้าจอ (ถ้ามี); ชื่อ-นามสกุลผู้แจ้ง","Business Support","P3 Normal","เปิดเคสและส่งต่อ ฝ่ายรับประกันภัยรถยนต์","ฝ่ายรับประกันภัยรถยนต์","Medium","Ready for Pilot","Active","0","ตอบเฉพาะ Approved_Answer; หากคำถามไม่ตรงหรือข้อมูลไม่ครบให้ถามเพิ่ม/เปิดเคส; ห้ามเดาสาเหตุหรือขั้นตอน","23"
"KB-024","DSS","Payment & Credit","ตัดวงเงินไม่ผ่าน และค้นหากรมธรรม์ใน DSS ไม่พบ ทั้งที่เข้าระบบ Polisy400 แล้ว","ตัดวงเงินไม่ผ่าน และค้นหากรมธรรม์ใน DSS ไม่พบ ทั้งที่เข้าระบบ Polisy400 แล้ว | ตัดวงเงินไม่ผ่าน และค้นหากรมธรรม์ใน DSS ไม่พบ ทั้งที่เข้าระบบ Polisy400 แล้ว | ตัดวงเงินไม่ผ่าน และค้นหากรมธรรม์ใน DSS ไม่พบ ทั้งที่เข้าระบบ Polisy400 แล้ว","DSS, Payment & Credit, ตัดวงเงินไม่ผ่าน และค้นหากรมธรรม์ใน DSS ไม่พบ ทั้งที่เข้า Polisy400 แล้ว, IT Helpdesk","เลขที่ใบคำขอ; เลขกรมธรรม์; เลขที่หน้าตาราง; ชื่อ-นามสกุล; ภาพหน้าจอหรือข้อความ Error; เวลาที่พบปัญหา","กรุณาเปิดเคสผ่าน SysAid ในหัวข้อ “ตัดวงเงินไม่ผ่าน และค้นหากรมธรรม์ใน DSS ไม่พบ ทั้งที่เข้าระบบ Polisy400 แล้ว” พร้อมแนบข้อมูลที่จำเป็น ทีม IT Helpdesk จะตรวจสอบต่อ โดย Agent จะไม่คาดเดาสาเหตุหรือผลการแก้ไข","กรุณาแจ้ง: เลขที่ใบคำขอ; เลขกรมธรรม์; เลขที่หน้าตาราง; ชื่อ-นามสกุล; ภาพหน้าจอหรือข้อความ Error; เวลาที่พบปัญหา","Incident","P2 High","เปิดเคสและส่งต่อ IT Helpdesk","IT Helpdesk","Medium","Ready for Pilot","Active","0","ตอบเฉพาะ Approved_Answer; หากคำถามไม่ตรงหรือข้อมูลไม่ครบให้ถามเพิ่ม/เปิดเคส; ห้ามเดาสาเหตุหรือขั้นตอน","24"
"KB-025","DSS","System Incident","บันทึกงานประเภท 1 แล้วข้อมูลตรวจสภาพไม่ตรงกับข้อมูลที่บันทึก","บันทึกงานประเภท 1 แล้วข้อมูลตรวจสภาพไม่ตรงกับข้อมูลที่บันทึก | บันทึกงานประเภท 1 แล้วข้อมูลตรวจสภาพไม่ตรงกับข้อมูลที่บันทึก | บันทึกงานประเภท 1 แล้วข้อมูลตรวจสภาพไม่ตรงกับข้อมูลที่บันทึก","DSS, System Incident, บันทึกงานประเภท 1 แล้วข้อมูลตรวจสภาพไม่ตรงกับข้อมูลที่บันทึก, IT Helpdesk","เลขที่ใบคำขอ; เลขกรมธรรม์; เลขที่หน้าตาราง; ชื่อ-นามสกุล; ภาพหน้าจอหรือข้อความ Error; เวลาที่พบปัญหา","กรุณาเปิดเคสผ่าน SysAid ในหัวข้อ “บันทึกงานประเภท 1 แล้วข้อมูลตรวจสภาพไม่ตรงกับข้อมูลที่บันทึก” พร้อมแนบข้อมูลที่จำเป็น ทีม IT Helpdesk จะตรวจสอบต่อ โดย Agent จะไม่คาดเดาสาเหตุหรือผลการแก้ไข","กรุณาแจ้ง: เลขที่ใบคำขอ; เลขกรมธรรม์; เลขที่หน้าตาราง; ชื่อ-นามสกุล; ภาพหน้าจอหรือข้อความ Error; เวลาที่พบปัญหา","Incident","P2 High","เปิดเคสและส่งต่อ IT Helpdesk","IT Helpdesk","Medium","Ready for Pilot","Active","0","ตอบเฉพาะ Approved_Answer; หากคำถามไม่ตรงหรือข้อมูลไม่ครบให้ถามเพิ่ม/เปิดเคส; ห้ามเดาสาเหตุหรือขั้นตอน","25"
"KB-026","DSS","Master Data & Underwriting","ขอเพิ่มสีรถยนต์ในระบบ DSS","ขอเพิ่มสีรถยนต์ในระบบ DSS | ขอเพิ่มสีรถยนต์ในระบบ DSS | ขอเพิ่มสีรถยนต์ในDSS","DSS, Master Data & Underwriting, ขอเพิ่มสีรถยนต์ DSS, ฝ่ายรับประกันภัยรถยนต์","รายละเอียดรายการ; เลขอ้างอิงที่เกี่ยวข้อง; ภาพหน้าจอ (ถ้ามี); ชื่อ-นามสกุลผู้แจ้ง","รายการนี้อยู่ในความรับผิดชอบของฝ่ายรับประกันภัยรถยนต์ กรุณาส่งรายละเอียดที่จำเป็นเพื่อให้ตรวจสอบเรื่อง “ขอเพิ่มสีรถยนต์ในระบบ DSS” โดย Agent จะไม่คาดเดาวิธีแก้ไข","กรุณาแจ้ง: รายละเอียดรายการ; เลขอ้างอิงที่เกี่ยวข้อง; ภาพหน้าจอ (ถ้ามี); ชื่อ-นามสกุลผู้แจ้ง","Business Support","P3 Normal","เปิดเคสและส่งต่อ ฝ่ายรับประกันภัยรถยนต์","ฝ่ายรับประกันภัยรถยนต์","Medium","Ready for Pilot","Active","0","ตอบเฉพาะ Approved_Answer; หากคำถามไม่ตรงหรือข้อมูลไม่ครบให้ถามเพิ่ม/เปิดเคส; ห้ามเดาสาเหตุหรือขั้นตอน","26"
"KB-027","DSS","Master Data & Underwriting","ขอเพิ่มรุ่นรถจักรยานยนต์","ขอเพิ่มรุ่นรถจักรยานยนต์ | ขอเพิ่มรุ่นรถจักรยานยนต์ | ขอเพิ่มรุ่นรถจักรยานยนต์","DSS, Master Data & Underwriting, ขอเพิ่มรุ่นรถจักรยานยนต์, ฝ่ายรับประกันภัยรถยนต์","รายละเอียดรายการ; เลขอ้างอิงที่เกี่ยวข้อง; ภาพหน้าจอ (ถ้ามี); ชื่อ-นามสกุลผู้แจ้ง","รายการนี้อยู่ในความรับผิดชอบของฝ่ายรับประกันภัยรถยนต์ กรุณาส่งรายละเอียดที่จำเป็นเพื่อให้ตรวจสอบเรื่อง “ขอเพิ่มรุ่นรถจักรยานยนต์” โดย Agent จะไม่คาดเดาวิธีแก้ไข","กรุณาแจ้ง: รายละเอียดรายการ; เลขอ้างอิงที่เกี่ยวข้อง; ภาพหน้าจอ (ถ้ามี); ชื่อ-นามสกุลผู้แจ้ง","Business Support","P3 Normal","เปิดเคสและส่งต่อ ฝ่ายรับประกันภัยรถยนต์","ฝ่ายรับประกันภัยรถยนต์","Medium","Ready for Pilot","Active","0","ตอบเฉพาะ Approved_Answer; หากคำถามไม่ตรงหรือข้อมูลไม่ครบให้ถามเพิ่ม/เปิดเคส; ห้ามเดาสาเหตุหรือขั้นตอน","27"
"KB-028","DSS","Renewal","ต่ออายุและโอนย้ายงานแล้ว แต่ดึงข้อมูลใน DSS ไม่ขึ้น","ต่ออายุและโอนย้ายงานแล้ว แต่ดึงข้อมูลใน DSS ไม่ขึ้น | ต่ออายุและโอนย้ายงานแล้ว แต่ดึงข้อมูลใน DSS ไม่ขึ้น | ต่ออายุและโอนย้ายงานแล้ว แต่ดึงข้อมูลใน DSS ไม่ขึ้น","DSS, Renewal, ต่ออายุและโอนย้ายงานแล้ว แต่ดึงข้อมูลใน DSS ไม่ขึ้น, IT Helpdesk","เลขที่ใบคำขอ; เลขกรมธรรม์; เลขที่หน้าตาราง; ชื่อ-นามสกุล; ภาพหน้าจอหรือข้อความ Error; เวลาที่พบปัญหา","กรุณาเปิดเคสผ่าน SysAid ในหัวข้อ “ต่ออายุและโอนย้ายงานแล้ว แต่ดึงข้อมูลใน DSS ไม่ขึ้น” พร้อมแนบข้อมูลที่จำเป็น ทีม IT Helpdesk จะตรวจสอบต่อ โดย Agent จะไม่คาดเดาสาเหตุหรือผลการแก้ไข","กรุณาแจ้ง: เลขที่ใบคำขอ; เลขกรมธรรม์; เลขที่หน้าตาราง; ชื่อ-นามสกุล; ภาพหน้าจอหรือข้อความ Error; เวลาที่พบปัญหา","Incident","P2 High","เปิดเคสและส่งต่อ IT Helpdesk","IT Helpdesk","Medium","Ready for Pilot","Active","0","ตอบเฉพาะ Approved_Answer; หากคำถามไม่ตรงหรือข้อมูลไม่ครบให้ถามเพิ่ม/เปิดเคส; ห้ามเดาสาเหตุหรือขั้นตอน","28"
"KB-029","CMI","General Support","ไม่สามารถต่อภาษีผ่านระบบออนไลน์ได้","ไม่สามารถต่อภาษีผ่านระบบออนไลน์ได้ | ทำไม่ได้ต่อภาษีผ่านระบบออนไลน์ได้ | ไม่สามารถต่อภาษีผ่านระบบออนไลน์ได้","CMI, General Support, ไม่สามารถต่อภาษีผ่านออนไลน์ได้, IT Helpdesk","เลขที่ใบคำขอ; เลขกรมธรรม์; เลขที่หน้าตาราง; ชื่อ-นามสกุล; ภาพหน้าจอหรือข้อความ Error; เวลาที่พบปัญหา","กรุณาเปิดเคสผ่าน SysAid ในหัวข้อ “ไม่สามารถต่อภาษีผ่านระบบออนไลน์ได้” พร้อมแนบข้อมูลที่จำเป็น ทีม IT Helpdesk จะตรวจสอบต่อ โดย Agent จะไม่คาดเดาสาเหตุหรือผลการแก้ไข","กรุณาแจ้ง: เลขที่ใบคำขอ; เลขกรมธรรม์; เลขที่หน้าตาราง; ชื่อ-นามสกุล; ภาพหน้าจอหรือข้อความ Error; เวลาที่พบปัญหา","Incident","P3 Normal","เปิดเคสและส่งต่อ IT Helpdesk","IT Helpdesk","Medium","Ready for Pilot","Active","0","ตอบเฉพาะ Approved_Answer; หากคำถามไม่ตรงหรือข้อมูลไม่ครบให้ถามเพิ่ม/เปิดเคส; ห้ามเดาสาเหตุหรือขั้นตอน","29"
"KB-030","DSS","Payment & Credit","พิมพ์กรมธรรม์ไม่ได้ และตัดวงเงินเครดิตขึ้นว่าไม่พบข้อมูล","พิมพ์กรมธรรม์ไม่ได้ และตัดวงเงินเครดิตขึ้นว่าไม่พบข้อมูล | พิมพ์กรมธรรม์ไม่ได้ และตัดวงเงินเครดิตขึ้นว่าไม่พบข้อมูล | พิมพ์กรมธรรม์ไม่ได้ และตัดวงเงินเครดิตขึ้นว่าไม่พบข้อมูล","DSS, Payment & Credit, พิมพ์กรมธรรม์ไม่ได้ และตัดวงเงินเครดิตขึ้นว่าไม่พบข้อมูล, IT Helpdesk","เลขที่ใบคำขอ; เลขกรมธรรม์; เลขที่หน้าตาราง; ชื่อ-นามสกุล; ภาพหน้าจอหรือข้อความ Error; เวลาที่พบปัญหา","กรุณาเปิดเคสผ่าน SysAid ในหัวข้อ “พิมพ์กรมธรรม์ไม่ได้ และตัดวงเงินเครดิตขึ้นว่าไม่พบข้อมูล” พร้อมแนบข้อมูลที่จำเป็น ทีม IT Helpdesk จะตรวจสอบต่อ โดย Agent จะไม่คาดเดาสาเหตุหรือผลการแก้ไข","กรุณาแจ้ง: เลขที่ใบคำขอ; เลขกรมธรรม์; เลขที่หน้าตาราง; ชื่อ-นามสกุล; ภาพหน้าจอหรือข้อความ Error; เวลาที่พบปัญหา","Incident","P2 High","เปิดเคสและส่งต่อ IT Helpdesk","IT Helpdesk","Medium","Ready for Pilot","Active","0","ตอบเฉพาะ Approved_Answer; หากคำถามไม่ตรงหรือข้อมูลไม่ครบให้ถามเพิ่ม/เปิดเคส; ห้ามเดาสาเหตุหรือขั้นตอน","30"
"KB-031","DSS","Policy Issue & Integration","ต่ออายุและ Issue แล้ว แต่ไม่พบไฟล์กรมธรรม์","ต่ออายุและ Issue แล้ว แต่ไม่พบไฟล์กรมธรรม์ | ต่ออายุและ Issue แล้ว แต่ไม่พบไฟล์กรมธรรม์ | ต่ออายุและ Issue แล้ว แต่ไม่พบไฟล์กรมธรรม์","DSS, Policy Issue & Integration, ต่ออายุและ Issue แล้ว แต่ไม่พบไฟล์กรมธรรม์, IT Helpdesk","เลขที่ใบคำขอ; เลขกรมธรรม์; เลขที่หน้าตาราง; ชื่อ-นามสกุล; ภาพหน้าจอหรือข้อความ Error; เวลาที่พบปัญหา","กรุณาเปิดเคสผ่าน SysAid ในหัวข้อ “ต่ออายุและ Issue แล้ว แต่ไม่พบไฟล์กรมธรรม์” พร้อมแนบข้อมูลที่จำเป็น ทีม IT Helpdesk จะตรวจสอบต่อ โดย Agent จะไม่คาดเดาสาเหตุหรือผลการแก้ไข","กรุณาแจ้ง: เลขที่ใบคำขอ; เลขกรมธรรม์; เลขที่หน้าตาราง; ชื่อ-นามสกุล; ภาพหน้าจอหรือข้อความ Error; เวลาที่พบปัญหา","Incident","P2 High","เปิดเคสและส่งต่อ IT Helpdesk","IT Helpdesk","Medium","Ready for Pilot","Active","0","ตอบเฉพาะ Approved_Answer; หากคำถามไม่ตรงหรือข้อมูลไม่ครบให้ถามเพิ่ม/เปิดเคส; ห้ามเดาสาเหตุหรือขั้นตอน","31"
"KB-032","DSS","Master Data & Underwriting","ต่ออายุประกันอัคคีภัยแล้วหน้าตารางไม่พบผู้รับผลประโยชน์","ต่ออายุประกันอัคคีภัยแล้วหน้าตารางไม่พบผู้รับผลประโยชน์ | ต่ออายุประกันอัคคีภัยแล้วหน้าตารางไม่พบผู้รับผลประโยชน์ | ต่ออายุประกันอัคคีภัยแล้วหน้าตารางไม่พบผู้รับผลประโยชน์","DSS, Master Data & Underwriting, ต่ออายุประกันอัคคีภัยแล้วหน้าตารางไม่พบผู้รับผลประโยชน์, IT Helpdesk","เลขที่ใบคำขอ; เลขกรมธรรม์; เลขที่หน้าตาราง; ชื่อ-นามสกุล; ภาพหน้าจอหรือข้อความ Error; เวลาที่พบปัญหา","กรุณาเปิดเคสผ่าน SysAid ในหัวข้อ “ต่ออายุประกันอัคคีภัยแล้วหน้าตารางไม่พบผู้รับผลประโยชน์” พร้อมแนบข้อมูลที่จำเป็น ทีม IT Helpdesk จะตรวจสอบต่อ โดย Agent จะไม่คาดเดาสาเหตุหรือผลการแก้ไข","กรุณาแจ้ง: เลขที่ใบคำขอ; เลขกรมธรรม์; เลขที่หน้าตาราง; ชื่อ-นามสกุล; ภาพหน้าจอหรือข้อความ Error; เวลาที่พบปัญหา","Business Support","P3 Normal","เปิดเคสและส่งต่อ IT Helpdesk","IT Helpdesk","Medium","Ready for Pilot","Active","0","ตอบเฉพาะ Approved_Answer; หากคำถามไม่ตรงหรือข้อมูลไม่ครบให้ถามเพิ่ม/เปิดเคส; ห้ามเดาสาเหตุหรือขั้นตอน","32"
"KB-033","DSS","Payment & Credit","ตัดวงเงินไม่ได้ เพราะไม่มีข้อมูลใน DSS แต่มีข้อมูลใน Polisy400 แล้ว","ตัดวงเงินไม่ได้ เพราะไม่มีข้อมูลใน DSS แต่มีข้อมูลใน Polisy400 แล้ว | ตัดวงเงินไม่ได้ เพราะไม่มีข้อมูลใน DSS แต่มีข้อมูลใน Polisy400 แล้ว | ตัดวงเงินไม่ได้ เพราะไม่มีข้อมูลใน DSS แต่มีข้อมูลใน Polisy400 แล้ว","DSS, Payment & Credit, ตัดวงเงินไม่ได้ เพราะไม่มีข้อมูลใน DSS แต่มีข้อมูลใน Polisy400 แล้ว, IT Helpdesk","เลขที่ใบคำขอ; เลขกรมธรรม์; เลขที่หน้าตาราง; ชื่อ-นามสกุล; ภาพหน้าจอหรือข้อความ Error; เวลาที่พบปัญหา","กรุณาเปิดเคสผ่าน SysAid ในหัวข้อ “ตัดวงเงินไม่ได้ เพราะไม่มีข้อมูลใน DSS แต่มีข้อมูลใน Polisy400 แล้ว” พร้อมแนบข้อมูลที่จำเป็น ทีม IT Helpdesk จะตรวจสอบต่อ โดย Agent จะไม่คาดเดาสาเหตุหรือผลการแก้ไข","กรุณาแจ้ง: เลขที่ใบคำขอ; เลขกรมธรรม์; เลขที่หน้าตาราง; ชื่อ-นามสกุล; ภาพหน้าจอหรือข้อความ Error; เวลาที่พบปัญหา","Incident","P2 High","เปิดเคสและส่งต่อ IT Helpdesk","IT Helpdesk","Medium","Ready for Pilot","Active","0","ตอบเฉพาะ Approved_Answer; หากคำถามไม่ตรงหรือข้อมูลไม่ครบให้ถามเพิ่ม/เปิดเคส; ห้ามเดาสาเหตุหรือขั้นตอน","33"
"KB-034","DSS","Master Data & Underwriting","ขอเพิ่มผู้รับผลประโยชน์","ขอเพิ่มผู้รับผลประโยชน์ | ขอเพิ่มผู้รับผลประโยชน์ | ขอเพิ่มผู้รับผลประโยชน์","DSS, Master Data & Underwriting, ขอเพิ่มผู้รับผลประโยชน์, ฝ่ายรับประกันภัยรถยนต์","รายละเอียดรายการ; เลขอ้างอิงที่เกี่ยวข้อง; ภาพหน้าจอ (ถ้ามี); ชื่อ-นามสกุลผู้แจ้ง","รายการนี้อยู่ในความรับผิดชอบของฝ่ายรับประกันภัยรถยนต์ กรุณาส่งรายละเอียดที่จำเป็นเพื่อให้ตรวจสอบเรื่อง “ขอเพิ่มผู้รับผลประโยชน์” โดย Agent จะไม่คาดเดาวิธีแก้ไข","กรุณาแจ้ง: รายละเอียดรายการ; เลขอ้างอิงที่เกี่ยวข้อง; ภาพหน้าจอ (ถ้ามี); ชื่อ-นามสกุลผู้แจ้ง","Business Support","P3 Normal","เปิดเคสและส่งต่อ ฝ่ายรับประกันภัยรถยนต์","ฝ่ายรับประกันภัยรถยนต์","Medium","Ready for Pilot","Active","0","ตอบเฉพาะ Approved_Answer; หากคำถามไม่ตรงหรือข้อมูลไม่ครบให้ถามเพิ่ม/เปิดเคส; ห้ามเดาสาเหตุหรือขั้นตอน","34"
"KB-035","DSS","Payment & Credit","ตัดวงเงินไม่ผ่าน และสถานะค้างที่รอชำระวงเงิน","ตัดวงเงินไม่ผ่าน และสถานะค้างที่รอชำระวงเงิน | ตัดวงเงินไม่ผ่าน และสถานะค้างที่รอชำระวงเงิน | ตัดวงเงินไม่ผ่าน และสถานะค้างที่รอชำระวงเงิน","DSS, Payment & Credit, ตัดวงเงินไม่ผ่าน และสถานะค้างที่รอชำระวงเงิน, IT Helpdesk","เลขที่ใบคำขอ; เลขกรมธรรม์; เลขที่หน้าตาราง; ชื่อ-นามสกุล; ภาพหน้าจอหรือข้อความ Error; เวลาที่พบปัญหา","กรุณาเปิดเคสผ่าน SysAid ในหัวข้อ “ตัดวงเงินไม่ผ่าน และสถานะค้างที่รอชำระวงเงิน” พร้อมแนบข้อมูลที่จำเป็น ทีม IT Helpdesk จะตรวจสอบต่อ โดย Agent จะไม่คาดเดาสาเหตุหรือผลการแก้ไข","กรุณาแจ้ง: เลขที่ใบคำขอ; เลขกรมธรรม์; เลขที่หน้าตาราง; ชื่อ-นามสกุล; ภาพหน้าจอหรือข้อความ Error; เวลาที่พบปัญหา","Incident","P2 High","เปิดเคสและส่งต่อ IT Helpdesk","IT Helpdesk","Medium","Ready for Pilot","Active","0","ตอบเฉพาะ Approved_Answer; หากคำถามไม่ตรงหรือข้อมูลไม่ครบให้ถามเพิ่ม/เปิดเคส; ห้ามเดาสาเหตุหรือขั้นตอน","35"
"KB-036","DSS","Payment & Credit","ไม่สามารถ Issue งานได้ เนื่องจากสถานะรอชำระเงิน","ไม่สามารถ Issue งานได้ เนื่องจากสถานะรอชำระเงิน | ทำไม่ได้ Issue งานได้ เนื่องจากสถานะรอชำระเงิน | ไม่สามารถ Issue งานได้ เนื่องจากสถานะรอชำระเงิน","DSS, Payment & Credit, ไม่สามารถ Issue งานได้ เนื่องจากสถานะรอชำระเงิน, IT Helpdesk","เลขที่ใบคำขอ; เลขกรมธรรม์; เลขที่หน้าตาราง; ชื่อ-นามสกุล; ภาพหน้าจอหรือข้อความ Error; เวลาที่พบปัญหา","กรุณาเปิดเคสผ่าน SysAid ในหัวข้อ “ไม่สามารถ Issue งานได้ เนื่องจากสถานะรอชำระเงิน” พร้อมแนบข้อมูลที่จำเป็น ทีม IT Helpdesk จะตรวจสอบต่อ โดย Agent จะไม่คาดเดาสาเหตุหรือผลการแก้ไข","กรุณาแจ้ง: เลขที่ใบคำขอ; เลขกรมธรรม์; เลขที่หน้าตาราง; ชื่อ-นามสกุล; ภาพหน้าจอหรือข้อความ Error; เวลาที่พบปัญหา","Incident","P2 High","เปิดเคสและส่งต่อ IT Helpdesk","IT Helpdesk","Medium","Ready for Pilot","Active","0","ตอบเฉพาะ Approved_Answer; หากคำถามไม่ตรงหรือข้อมูลไม่ครบให้ถามเพิ่ม/เปิดเคส; ห้ามเดาสาเหตุหรือขั้นตอน","36"
"KB-037","DSS","Master Data & Underwriting","กรมธรรม์ Switch to New แล้วเบี้ยรวมไม่ขึ้น","กรมธรรม์ Switch to New แล้วเบี้ยรวมไม่ขึ้น | กรมธรรม์ Switch to New แล้วเบี้ยรวมไม่ขึ้น | กรมธรรม์ Switch to New แล้วเบี้ยรวมไม่ขึ้น","DSS, Master Data & Underwriting, กรมธรรม์ Switch to New แล้วเบี้ยรวมไม่ขึ้น, ฝ่ายรับประกันภัยรถยนต์","รายละเอียดรายการ; เลขอ้างอิงที่เกี่ยวข้อง; ภาพหน้าจอ (ถ้ามี); ชื่อ-นามสกุลผู้แจ้ง","รับทราบปัญหาครับ รายการนี้ยังต้องตรวจสอบคำตอบและเส้นทางส่งต่อกับเจ้าของข้อมูลก่อน เพื่อป้องกันการให้ข้อมูลผิด กรุณาส่งข้อมูลที่ระบุ แล้วระบบจะเปิดเคสให้ทีมที่เกี่ยวข้องตรวจสอบ","กรุณาแจ้ง: รายละเอียดรายการ; เลขอ้างอิงที่เกี่ยวข้อง; ภาพหน้าจอ (ถ้ามี); ชื่อ-นามสกุลผู้แจ้ง","Business Support","P3 Normal","เปิดเคสและส่งต่อ ฝ่ายรับประกันภัยรถยนต์","ฝ่ายรับประกันภัยรถยนต์","Low","Review Required","Active","0","ตอบเฉพาะ Approved_Answer; หากคำถามไม่ตรงหรือข้อมูลไม่ครบให้ถามเพิ่ม/เปิดเคส; ห้ามเดาสาเหตุหรือขั้นตอน","37"
"KB-038","DSS","Payment & Credit","ตัดวงเงินหรือต่ออายุแล้วข้อมูลจังหวัดไม่ขึ้น","ตัดวงเงินหรือต่ออายุแล้วข้อมูลจังหวัดไม่ขึ้น | ตัดวงเงินหรือต่ออายุแล้วข้อมูลจังหวัดไม่ขึ้น | ตัดวงเงินหรือต่ออายุแล้วข้อมูลจังหวัดไม่ขึ้น","DSS, Payment & Credit, ตัดวงเงินหรือต่ออายุแล้วข้อมูลจังหวัดไม่ขึ้น, IT Helpdesk","เลขที่ใบคำขอ; เลขกรมธรรม์; เลขที่หน้าตาราง; ชื่อ-นามสกุล; ภาพหน้าจอหรือข้อความ Error; เวลาที่พบปัญหา","กรุณาเปิดเคสผ่าน SysAid ในหัวข้อ “ตัดวงเงินหรือต่ออายุแล้วข้อมูลจังหวัดไม่ขึ้น” พร้อมแนบข้อมูลที่จำเป็น ทีม IT Helpdesk จะตรวจสอบต่อ โดย Agent จะไม่คาดเดาสาเหตุหรือผลการแก้ไข","กรุณาแจ้ง: เลขที่ใบคำขอ; เลขกรมธรรม์; เลขที่หน้าตาราง; ชื่อ-นามสกุล; ภาพหน้าจอหรือข้อความ Error; เวลาที่พบปัญหา","Incident","P2 High","เปิดเคสและส่งต่อ IT Helpdesk","IT Helpdesk","Medium","Ready for Pilot","Active","0","ตอบเฉพาะ Approved_Answer; หากคำถามไม่ตรงหรือข้อมูลไม่ครบให้ถามเพิ่ม/เปิดเคส; ห้ามเดาสาเหตุหรือขั้นตอน","38"
"KB-039","MotorQuery","Policy Issue & Integration","ระบบสอบถามกรมธรรม์รถยนต์ค้นหาเลขกรมธรรม์ไม่พบ","ระบบสอบถามกรมธรรม์รถยนต์ค้นหาเลขกรมธรรม์ไม่พบ | ระบบสอบถามกรมธรรม์รถยนต์ค้นหาเลขกรมธรรม์ไม่พบ | ระบบสอบถามกรมธรรม์รถยนต์ค้นหาเลขกรมธรรม์ไม่พบ","MotorQuery, Policy Issue & Integration, สอบถามกรมธรรม์รถยนต์ค้นหาเลขกรมธรรม์ไม่พบ, IT Helpdesk","เลขที่ใบคำขอ; เลขกรมธรรม์; เลขที่หน้าตาราง; ชื่อ-นามสกุล; ภาพหน้าจอหรือข้อความ Error; เวลาที่พบปัญหา","กรุณาเปิดเคสผ่าน SysAid ในหัวข้อ “ระบบสอบถามกรมธรรม์รถยนต์ค้นหาเลขกรมธรรม์ไม่พบ” พร้อมแนบข้อมูลที่จำเป็น ทีม IT Helpdesk จะตรวจสอบต่อ โดย Agent จะไม่คาดเดาสาเหตุหรือผลการแก้ไข","กรุณาแจ้ง: เลขที่ใบคำขอ; เลขกรมธรรม์; เลขที่หน้าตาราง; ชื่อ-นามสกุล; ภาพหน้าจอหรือข้อความ Error; เวลาที่พบปัญหา","Incident","P2 High","เปิดเคสและส่งต่อ IT Helpdesk","IT Helpdesk","Medium","Ready for Pilot","Active","0","ตอบเฉพาะ Approved_Answer; หากคำถามไม่ตรงหรือข้อมูลไม่ครบให้ถามเพิ่ม/เปิดเคส; ห้ามเดาสาเหตุหรือขั้นตอน","39"
"KB-040","Payment","Payment & Credit","การชำระแบบโอนเงิน","การชำระแบบโอนเงิน | การชำระแบบโอนเงิน | การชำระแบบโอนเงิน","Payment, Payment & Credit, การชำระแบบโอนเงิน, ฝ่ายบัญชี","รายละเอียดรายการ; เลขอ้างอิงที่เกี่ยวข้อง; ภาพหน้าจอ (ถ้ามี); ชื่อ-นามสกุลผู้แจ้ง","รายการนี้ต้องให้ฝ่ายบัญชีตรวจสอบ กรุณาส่งรายละเอียดการชำระเงินและเลขอ้างอิงที่เกี่ยวข้องกับ “การชำระแบบโอนเงิน” โดย Agent จะไม่ยืนยันผลทางการเงินเอง","กรุณาแจ้ง: รายละเอียดรายการ; เลขอ้างอิงที่เกี่ยวข้อง; ภาพหน้าจอ (ถ้ามี); ชื่อ-นามสกุลผู้แจ้ง","Incident","P2 High","เปิดเคสและส่งต่อ ฝ่ายบัญชี","ฝ่ายบัญชี","Medium","Ready for Pilot","Active","0","ตอบเฉพาะ Approved_Answer; หากคำถามไม่ตรงหรือข้อมูลไม่ครบให้ถามเพิ่ม/เปิดเคส; ห้ามเดาสาเหตุหรือขั้นตอน","40"
"KB-041","DSS","Payment & Credit","ชำระเงินสำเร็จ แต่สถานะยังเป็นรอชำระเงิน","ชำระเงินสำเร็จ แต่สถานะยังเป็นรอชำระเงิน | ชำระเงินสำเร็จ แต่สถานะยังเป็นรอชำระเงิน | ชำระเงินสำเร็จ แต่สถานะยังเป็นรอชำระเงิน","DSS, Payment & Credit, ชำระเงินสำเร็จ แต่สถานะยังเป็นรอชำระเงิน, IT Helpdesk","เลขที่ใบคำขอ; เลขกรมธรรม์; เลขที่หน้าตาราง; ชื่อ-นามสกุล; ภาพหน้าจอหรือข้อความ Error; เวลาที่พบปัญหา","กรุณาเปิดเคสผ่าน SysAid ในหัวข้อ “ชำระเงินสำเร็จ แต่สถานะยังเป็นรอชำระเงิน” พร้อมแนบข้อมูลที่จำเป็น ทีม IT Helpdesk จะตรวจสอบต่อ โดย Agent จะไม่คาดเดาสาเหตุหรือผลการแก้ไข","กรุณาแจ้ง: เลขที่ใบคำขอ; เลขกรมธรรม์; เลขที่หน้าตาราง; ชื่อ-นามสกุล; ภาพหน้าจอหรือข้อความ Error; เวลาที่พบปัญหา","Incident","P2 High","เปิดเคสและส่งต่อ IT Helpdesk","IT Helpdesk","Medium","Ready for Pilot","Active","0","ตอบเฉพาะ Approved_Answer; หากคำถามไม่ตรงหรือข้อมูลไม่ครบให้ถามเพิ่ม/เปิดเคส; ห้ามเดาสาเหตุหรือขั้นตอน","41"
"KB-042","DSS","Payment & Credit","งาน PA ไม่หักค่าคอม ทำให้บัญชีตัดรับเงินอัตโนมัติไม่ได้","งาน PA ไม่หักค่าคอม ทำให้บัญชีตัดรับเงินอัตโนมัติไม่ได้ | งาน PA ไม่หักค่าคอม ทำให้บัญชีตัดรับเงินอัตโนมัติไม่ได้ | งาน PA ไม่หักค่าคอม ทำให้บัญชีตัดรับเงินอัตโนมัติไม่ได้","DSS, Payment & Credit, งาน PA ไม่หักค่าคอม ทำให้บัญชีตัดรับเงินอัตโนมัติไม่ได้, IT Helpdesk","เลขที่ใบคำขอ; เลขกรมธรรม์; เลขที่หน้าตาราง; ชื่อ-นามสกุล; ภาพหน้าจอหรือข้อความ Error; เวลาที่พบปัญหา","กรุณาเปิดเคสผ่าน SysAid ในหัวข้อ “งาน PA ไม่หักค่าคอม ทำให้บัญชีตัดรับเงินอัตโนมัติไม่ได้” พร้อมแนบข้อมูลที่จำเป็น ทีม IT Helpdesk จะตรวจสอบต่อ โดย Agent จะไม่คาดเดาสาเหตุหรือผลการแก้ไข","กรุณาแจ้ง: เลขที่ใบคำขอ; เลขกรมธรรม์; เลขที่หน้าตาราง; ชื่อ-นามสกุล; ภาพหน้าจอหรือข้อความ Error; เวลาที่พบปัญหา","Incident","P2 High","เปิดเคสและส่งต่อ IT Helpdesk","IT Helpdesk","Medium","Ready for Pilot","Active","0","ตอบเฉพาะ Approved_Answer; หากคำถามไม่ตรงหรือข้อมูลไม่ครบให้ถามเพิ่ม/เปิดเคส; ห้ามเดาสาเหตุหรือขั้นตอน","42"
"KB-043","Payment","Payment & Credit","ยอดเงินที่ชำระไม่ตรงกับยอดเงินในระบบ","ยอดเงินที่ชำระไม่ตรงกับยอดเงินในระบบ | ยอดเงินที่ชำระไม่ตรงกับยอดเงินในระบบ | ยอดเงินที่ชำระไม่ตรงกับยอดเงินในระบบ","Payment, Payment & Credit, ยอดเงินที่ชำระไม่ตรงกับยอดเงิน, ฝ่ายบัญชี","รายละเอียดรายการ; เลขอ้างอิงที่เกี่ยวข้อง; ภาพหน้าจอ (ถ้ามี); ชื่อ-นามสกุลผู้แจ้ง","รายการนี้ต้องให้ฝ่ายบัญชีตรวจสอบ กรุณาส่งรายละเอียดการชำระเงินและเลขอ้างอิงที่เกี่ยวข้องกับ “ยอดเงินที่ชำระไม่ตรงกับยอดเงินในระบบ” โดย Agent จะไม่ยืนยันผลทางการเงินเอง","กรุณาแจ้ง: รายละเอียดรายการ; เลขอ้างอิงที่เกี่ยวข้อง; ภาพหน้าจอ (ถ้ามี); ชื่อ-นามสกุลผู้แจ้ง","Incident","P2 High","เปิดเคสและส่งต่อ ฝ่ายบัญชี","ฝ่ายบัญชี","Medium","Ready for Pilot","Active","0","ตอบเฉพาะ Approved_Answer; หากคำถามไม่ตรงหรือข้อมูลไม่ครบให้ถามเพิ่ม/เปิดเคส; ห้ามเดาสาเหตุหรือขั้นตอน","43"
"KB-044","DSS","General Support","รุ่นรถไม่ขึ้นในระบบ DSS","รุ่นรถไม่ขึ้นในระบบ DSS | รุ่นรถไม่ขึ้นในระบบ DSS | รุ่นรถไม่ขึ้นในDSS","DSS, General Support, รุ่นรถไม่ขึ้น DSS, ฝ่ายรับประกันภัยรถยนต์","รายละเอียดรายการ; เลขอ้างอิงที่เกี่ยวข้อง; ภาพหน้าจอ (ถ้ามี); ชื่อ-นามสกุลผู้แจ้ง","รับทราบปัญหาครับ รายการนี้ยังต้องตรวจสอบคำตอบและเส้นทางส่งต่อกับเจ้าของข้อมูลก่อน เพื่อป้องกันการให้ข้อมูลผิด กรุณาส่งข้อมูลที่ระบุ แล้วระบบจะเปิดเคสให้ทีมที่เกี่ยวข้องตรวจสอบ","กรุณาแจ้ง: รายละเอียดรายการ; เลขอ้างอิงที่เกี่ยวข้อง; ภาพหน้าจอ (ถ้ามี); ชื่อ-นามสกุลผู้แจ้ง","Incident","P3 Normal","เปิดเคสและส่งต่อ ฝ่ายรับประกันภัยรถยนต์","ฝ่ายรับประกันภัยรถยนต์","Low","Review Required","Active","0","ตอบเฉพาะ Approved_Answer; หากคำถามไม่ตรงหรือข้อมูลไม่ครบให้ถามเพิ่ม/เปิดเคส; ห้ามเดาสาเหตุหรือขั้นตอน","44"
"KB-045","DSS","Policy Issue & Integration","Batch งานในระบบ DSS ไม่ขึ้น","Batch งานในระบบ DSS ไม่ขึ้น | Batch งานในระบบ DSS ไม่ขึ้น | Batch งานในDSS ไม่ขึ้น","DSS, Policy Issue & Integration, Batch งาน DSS ไม่ขึ้น, IT Helpdesk","เลขที่ใบคำขอ; เลขกรมธรรม์; เลขที่หน้าตาราง; ชื่อ-นามสกุล; ภาพหน้าจอหรือข้อความ Error; เวลาที่พบปัญหา","กรุณาเปิดเคสผ่าน SysAid ในหัวข้อ “Batch งานในระบบ DSS ไม่ขึ้น” พร้อมแนบข้อมูลที่จำเป็น ทีม IT Helpdesk จะตรวจสอบต่อ โดย Agent จะไม่คาดเดาสาเหตุหรือผลการแก้ไข","กรุณาแจ้ง: เลขที่ใบคำขอ; เลขกรมธรรม์; เลขที่หน้าตาราง; ชื่อ-นามสกุล; ภาพหน้าจอหรือข้อความ Error; เวลาที่พบปัญหา","Incident","P2 High","เปิดเคสและส่งต่อ IT Helpdesk","IT Helpdesk","Medium","Ready for Pilot","Active","0","ตอบเฉพาะ Approved_Answer; หากคำถามไม่ตรงหรือข้อมูลไม่ครบให้ถามเพิ่ม/เปิดเคส; ห้ามเดาสาเหตุหรือขั้นตอน","45"
"KB-046","DSS","System Incident","ระบบ DSS แสดงรายการขายไม่ครบ","ระบบ DSS แสดงรายการขายไม่ครบ | ระบบ DSS แสดงรายการขายไม่ครบ | DSS แสดงรายการขายไม่ครบ","DSS, System Incident, DSS แสดงรายการขายไม่ครบ, IT Helpdesk","เลขที่ใบคำขอ; เลขกรมธรรม์; เลขที่หน้าตาราง; ชื่อ-นามสกุล; ภาพหน้าจอหรือข้อความ Error; เวลาที่พบปัญหา","กรุณาเปิดเคสผ่าน SysAid ในหัวข้อ “ระบบ DSS แสดงรายการขายไม่ครบ” พร้อมแนบข้อมูลที่จำเป็น ทีม IT Helpdesk จะตรวจสอบต่อ โดย Agent จะไม่คาดเดาสาเหตุหรือผลการแก้ไข","กรุณาแจ้ง: เลขที่ใบคำขอ; เลขกรมธรรม์; เลขที่หน้าตาราง; ชื่อ-นามสกุล; ภาพหน้าจอหรือข้อความ Error; เวลาที่พบปัญหา","Incident","P2 High","เปิดเคสและส่งต่อ IT Helpdesk","IT Helpdesk","Medium","Ready for Pilot","Active","0","ตอบเฉพาะ Approved_Answer; หากคำถามไม่ตรงหรือข้อมูลไม่ครบให้ถามเพิ่ม/เปิดเคส; ห้ามเดาสาเหตุหรือขั้นตอน","46"
"KB-047","DSS","General Support","อัปโหลดรูปหน้าตาราง พ.ร.บ. ที่ยกเลิกไม่ได้","อัปโหลดรูปหน้าตาราง พ.ร.บ. ที่ยกเลิกไม่ได้ | อัปโหลดรูปหน้าตาราง พ.ร.บ. ที่ยกเลิกไม่ได้ | อัปโหลดรูปหน้าตาราง พ.ร.บ. ที่ยกเลิกไม่ได้","DSS, General Support, อัปโหลดรูปหน้าตาราง พ.ร.บ. ที่ยกเลิกไม่ได้, IT Helpdesk","เลขที่ใบคำขอ; เลขกรมธรรม์; เลขที่หน้าตาราง; ชื่อ-นามสกุล; ภาพหน้าจอหรือข้อความ Error; เวลาที่พบปัญหา","กรุณาเปิดเคสผ่าน SysAid ในหัวข้อ “อัปโหลดรูปหน้าตาราง พ.ร.บ. ที่ยกเลิกไม่ได้” พร้อมแนบข้อมูลที่จำเป็น ทีม IT Helpdesk จะตรวจสอบต่อ โดย Agent จะไม่คาดเดาสาเหตุหรือผลการแก้ไข","กรุณาแจ้ง: เลขที่ใบคำขอ; เลขกรมธรรม์; เลขที่หน้าตาราง; ชื่อ-นามสกุล; ภาพหน้าจอหรือข้อความ Error; เวลาที่พบปัญหา","Incident","P3 Normal","เปิดเคสและส่งต่อ IT Helpdesk","IT Helpdesk","Medium","Ready for Pilot","Active","0","ตอบเฉพาะ Approved_Answer; หากคำถามไม่ตรงหรือข้อมูลไม่ครบให้ถามเพิ่ม/เปิดเคส; ห้ามเดาสาเหตุหรือขั้นตอน","47"
"KB-048","DSS","Master Data & Underwriting","ไม่พบข้อมูลสัญชาติในระบบ DSS","ไม่พบข้อมูลสัญชาติในระบบ DSS | ไม่พบข้อมูลสัญชาติในระบบ DSS | ไม่พบข้อมูลสัญชาติในDSS","DSS, Master Data & Underwriting, ไม่พบข้อมูลสัญชาติ DSS, IT Helpdesk","เลขที่ใบคำขอ; เลขกรมธรรม์; เลขที่หน้าตาราง; ชื่อ-นามสกุล; ภาพหน้าจอหรือข้อความ Error; เวลาที่พบปัญหา","กรุณาเปิดเคสผ่าน SysAid ในหัวข้อ “ไม่พบข้อมูลสัญชาติในระบบ DSS” พร้อมแนบข้อมูลที่จำเป็น ทีม IT Helpdesk จะตรวจสอบต่อ โดย Agent จะไม่คาดเดาสาเหตุหรือผลการแก้ไข","กรุณาแจ้ง: เลขที่ใบคำขอ; เลขกรมธรรม์; เลขที่หน้าตาราง; ชื่อ-นามสกุล; ภาพหน้าจอหรือข้อความ Error; เวลาที่พบปัญหา","Business Support","P3 Normal","เปิดเคสและส่งต่อ IT Helpdesk","IT Helpdesk","Medium","Ready for Pilot","Active","0","ตอบเฉพาะ Approved_Answer; หากคำถามไม่ตรงหรือข้อมูลไม่ครบให้ถามเพิ่ม/เปิดเคส; ห้ามเดาสาเหตุหรือขั้นตอน","48"
"KB-049","Payment","Payment & Credit","ชำระเงินผ่าน 2C2P แต่สถานะยังรอชำระเงิน","ชำระเงินผ่าน 2C2P แต่สถานะยังรอชำระเงิน | ชำระเงินผ่าน 2C2P แต่สถานะยังรอชำระเงิน | ชำระเงินผ่าน 2C2P แต่สถานะยังรอชำระเงิน","Payment, Payment & Credit, ชำระเงินผ่าน 2C2P แต่สถานะยังรอชำระเงิน, ฝ่ายบัญชี","รายละเอียดรายการ; เลขอ้างอิงที่เกี่ยวข้อง; ภาพหน้าจอ (ถ้ามี); ชื่อ-นามสกุลผู้แจ้ง","รายการนี้ต้องให้ฝ่ายบัญชีตรวจสอบ กรุณาส่งรายละเอียดการชำระเงินและเลขอ้างอิงที่เกี่ยวข้องกับ “ชำระเงินผ่าน 2C2P แต่สถานะยังรอชำระเงิน” โดย Agent จะไม่ยืนยันผลทางการเงินเอง","กรุณาแจ้ง: รายละเอียดรายการ; เลขอ้างอิงที่เกี่ยวข้อง; ภาพหน้าจอ (ถ้ามี); ชื่อ-นามสกุลผู้แจ้ง","Incident","P2 High","เปิดเคสและส่งต่อ ฝ่ายบัญชี","ฝ่ายบัญชี","Medium","Ready for Pilot","Active","0","ตอบเฉพาะ Approved_Answer; หากคำถามไม่ตรงหรือข้อมูลไม่ครบให้ถามเพิ่ม/เปิดเคส; ห้ามเดาสาเหตุหรือขั้นตอน","49"
"KB-050","DSS","Policy Issue & Integration","ระบบมีการหย่อนข้อมูลซ้ำซ้อน","ระบบมีการหย่อนข้อมูลซ้ำซ้อน | ระบบมีการหย่อนข้อมูลซ้ำซ้อน | ระบบมีการหย่อนข้อมูลซ้ำซ้อน","DSS, Policy Issue & Integration, มีการหย่อนข้อมูลซ้ำซ้อน, IT Helpdesk","เลขที่ใบคำขอ; เลขกรมธรรม์; เลขที่หน้าตาราง; ชื่อ-นามสกุล; ภาพหน้าจอหรือข้อความ Error; เวลาที่พบปัญหา","กรุณาเปิดเคสผ่าน SysAid ในหัวข้อ “ระบบมีการหย่อนข้อมูลซ้ำซ้อน” พร้อมแนบข้อมูลที่จำเป็น ทีม IT Helpdesk จะตรวจสอบต่อ โดย Agent จะไม่คาดเดาสาเหตุหรือผลการแก้ไข","กรุณาแจ้ง: เลขที่ใบคำขอ; เลขกรมธรรม์; เลขที่หน้าตาราง; ชื่อ-นามสกุล; ภาพหน้าจอหรือข้อความ Error; เวลาที่พบปัญหา","Incident","P2 High","เปิดเคสและส่งต่อ IT Helpdesk","IT Helpdesk","Medium","Ready for Pilot","Active","0","ตอบเฉพาะ Approved_Answer; หากคำถามไม่ตรงหรือข้อมูลไม่ครบให้ถามเพิ่ม/เปิดเคส; ห้ามเดาสาเหตุหรือขั้นตอน","50"
"KB-051","DSS","General Support","ข้อมูล พ.ร.บ. ใน DSS ไม่เป็นข้อมูลปัจจุบัน","ข้อมูล พ.ร.บ. ใน DSS ไม่เป็นข้อมูลปัจจุบัน | ข้อมูล พ.ร.บ. ใน DSS ไม่เป็นข้อมูลปัจจุบัน | ข้อมูล พ.ร.บ. ใน DSS ไม่เป็นข้อมูลปัจจุบัน","DSS, General Support, ข้อมูล พ.ร.บ. ใน DSS ไม่เป็นข้อมูลปัจจุบัน, IT Helpdesk","เลขที่ใบคำขอ; เลขกรมธรรม์; เลขที่หน้าตาราง; ชื่อ-นามสกุล; ภาพหน้าจอหรือข้อความ Error; เวลาที่พบปัญหา","กรุณาเปิดเคสผ่าน SysAid ในหัวข้อ “ข้อมูล พ.ร.บ. ใน DSS ไม่เป็นข้อมูลปัจจุบัน” พร้อมแนบข้อมูลที่จำเป็น ทีม IT Helpdesk จะตรวจสอบต่อ โดย Agent จะไม่คาดเดาสาเหตุหรือผลการแก้ไข","กรุณาแจ้ง: เลขที่ใบคำขอ; เลขกรมธรรม์; เลขที่หน้าตาราง; ชื่อ-นามสกุล; ภาพหน้าจอหรือข้อความ Error; เวลาที่พบปัญหา","Incident","P3 Normal","เปิดเคสและส่งต่อ IT Helpdesk","IT Helpdesk","Medium","Ready for Pilot","Active","0","ตอบเฉพาะ Approved_Answer; หากคำถามไม่ตรงหรือข้อมูลไม่ครบให้ถามเพิ่ม/เปิดเคส; ห้ามเดาสาเหตุหรือขั้นตอน","51"
"KB-052","DSS","Policy Issue & Integration","พิมพ์งานในระบบ DSS ไม่ได้","พิมพ์งานในระบบ DSS ไม่ได้ | พิมพ์งานในระบบ DSS ไม่ได้ | พิมพ์งานในDSS ไม่ได้","DSS, Policy Issue & Integration, พิมพ์งาน DSS ไม่ได้, IT Helpdesk","เลขที่ใบคำขอ; เลขกรมธรรม์; เลขที่หน้าตาราง; ชื่อ-นามสกุล; ภาพหน้าจอหรือข้อความ Error; เวลาที่พบปัญหา","กรุณาเปิดเคสผ่าน SysAid ในหัวข้อ “พิมพ์งานในระบบ DSS ไม่ได้” พร้อมแนบข้อมูลที่จำเป็น ทีม IT Helpdesk จะตรวจสอบต่อ โดย Agent จะไม่คาดเดาสาเหตุหรือผลการแก้ไข","กรุณาแจ้ง: เลขที่ใบคำขอ; เลขกรมธรรม์; เลขที่หน้าตาราง; ชื่อ-นามสกุล; ภาพหน้าจอหรือข้อความ Error; เวลาที่พบปัญหา","Incident","P2 High","เปิดเคสและส่งต่อ IT Helpdesk","IT Helpdesk","Medium","Ready for Pilot","Active","0","ตอบเฉพาะ Approved_Answer; หากคำถามไม่ตรงหรือข้อมูลไม่ครบให้ถามเพิ่ม/เปิดเคส; ห้ามเดาสาเหตุหรือขั้นตอน","52"
"KB-053","DSS","Payment & Credit","ไม่สามารถชำระเงินได้ เนื่องจาก Batch รวมกัน","ไม่สามารถชำระเงินได้ เนื่องจาก Batch รวมกัน | ทำไม่ได้ชำระเงินได้ เนื่องจาก Batch รวมกัน | ไม่สามารถชำระเงินได้ เนื่องจาก Batch รวมกัน","DSS, Payment & Credit, ไม่สามารถชำระเงินได้ เนื่องจาก Batch รวมกัน, IT Helpdesk","เลขที่ใบคำขอ; เลขกรมธรรม์; เลขที่หน้าตาราง; ชื่อ-นามสกุล; ภาพหน้าจอหรือข้อความ Error; เวลาที่พบปัญหา","กรุณาเปิดเคสผ่าน SysAid ในหัวข้อ “ไม่สามารถชำระเงินได้ เนื่องจาก Batch รวมกัน” พร้อมแนบข้อมูลที่จำเป็น ทีม IT Helpdesk จะตรวจสอบต่อ โดย Agent จะไม่คาดเดาสาเหตุหรือผลการแก้ไข","กรุณาแจ้ง: เลขที่ใบคำขอ; เลขกรมธรรม์; เลขที่หน้าตาราง; ชื่อ-นามสกุล; ภาพหน้าจอหรือข้อความ Error; เวลาที่พบปัญหา","Incident","P2 High","เปิดเคสและส่งต่อ IT Helpdesk","IT Helpdesk","Medium","Ready for Pilot","Active","0","ตอบเฉพาะ Approved_Answer; หากคำถามไม่ตรงหรือข้อมูลไม่ครบให้ถามเพิ่ม/เปิดเคส; ห้ามเดาสาเหตุหรือขั้นตอน","53"
"KB-054","DSS","System Incident","ไม่สามารถบันทึกงานในระบบ DSS ได้","ไม่สามารถบันทึกงานในระบบ DSS ได้ | ทำไม่ได้บันทึกงานในระบบ DSS ได้ | ไม่สามารถบันทึกงานในDSS ได้","DSS, System Incident, ไม่สามารถบันทึกงาน DSS ได้, IT Helpdesk","เลขที่ใบคำขอ; เลขกรมธรรม์; เลขที่หน้าตาราง; ชื่อ-นามสกุล; ภาพหน้าจอหรือข้อความ Error; เวลาที่พบปัญหา","กรุณาเปิดเคสผ่าน SysAid ในหัวข้อ “ไม่สามารถบันทึกงานในระบบ DSS ได้” พร้อมแนบข้อมูลที่จำเป็น ทีม IT Helpdesk จะตรวจสอบต่อ โดย Agent จะไม่คาดเดาสาเหตุหรือผลการแก้ไข","กรุณาแจ้ง: เลขที่ใบคำขอ; เลขกรมธรรม์; เลขที่หน้าตาราง; ชื่อ-นามสกุล; ภาพหน้าจอหรือข้อความ Error; เวลาที่พบปัญหา","Incident","P2 High","เปิดเคสและส่งต่อ IT Helpdesk","IT Helpdesk","Medium","Ready for Pilot","Active","0","ตอบเฉพาะ Approved_Answer; หากคำถามไม่ตรงหรือข้อมูลไม่ครบให้ถามเพิ่ม/เปิดเคส; ห้ามเดาสาเหตุหรือขั้นตอน","54"
"KB-055","DSS","Policy Issue & Integration","กรมธรรม์ไม่หย่อนเข้าระบบ DSS","กรมธรรม์ไม่หย่อนเข้าระบบ DSS | กรมธรรม์ไม่หย่อนเข้าระบบ DSS | กรมธรรม์ไม่หย่อนเข้าDSS","DSS, Policy Issue & Integration, กรมธรรม์ไม่หย่อนเข้า DSS, IT Helpdesk","เลขที่ใบคำขอ; เลขกรมธรรม์; เลขที่หน้าตาราง; ชื่อ-นามสกุล; ภาพหน้าจอหรือข้อความ Error; เวลาที่พบปัญหา","กรุณาเปิดเคสผ่าน SysAid ในหัวข้อ “กรมธรรม์ไม่หย่อนเข้าระบบ DSS” พร้อมแนบข้อมูลที่จำเป็น ทีม IT Helpdesk จะตรวจสอบต่อ โดย Agent จะไม่คาดเดาสาเหตุหรือผลการแก้ไข","กรุณาแจ้ง: เลขที่ใบคำขอ; เลขกรมธรรม์; เลขที่หน้าตาราง; ชื่อ-นามสกุล; ภาพหน้าจอหรือข้อความ Error; เวลาที่พบปัญหา","Incident","P2 High","เปิดเคสและส่งต่อ IT Helpdesk","IT Helpdesk","Medium","Ready for Pilot","Active","0","ตอบเฉพาะ Approved_Answer; หากคำถามไม่ตรงหรือข้อมูลไม่ครบให้ถามเพิ่ม/เปิดเคส; ห้ามเดาสาเหตุหรือขั้นตอน","55"
"KB-056","DSS","Payment & Credit","งาน พ.ร.บ. ชำระเงินวันนี้ แต่วันที่ในระบบเป็นวันอื่น","งาน พ.ร.บ. ชำระเงินวันนี้ แต่วันที่ในระบบเป็นวันอื่น | งาน พ.ร.บ. ชำระเงินวันนี้ แต่วันที่ในระบบเป็นวันอื่น | งาน พ.ร.บ. ชำระเงินวันนี้ แต่วันที่ในระบบเป็นวันอื่น","DSS, Payment & Credit, งาน พ.ร.บ. ชำระเงินวันนี้ แต่วันที่เป็นวันอื่น, IT Helpdesk","เลขที่ใบคำขอ; เลขกรมธรรม์; เลขที่หน้าตาราง; ชื่อ-นามสกุล; ภาพหน้าจอหรือข้อความ Error; เวลาที่พบปัญหา","กรุณาเปิดเคสผ่าน SysAid ในหัวข้อ “งาน พ.ร.บ. ชำระเงินวันนี้ แต่วันที่ในระบบเป็นวันอื่น” พร้อมแนบข้อมูลที่จำเป็น ทีม IT Helpdesk จะตรวจสอบต่อ โดย Agent จะไม่คาดเดาสาเหตุหรือผลการแก้ไข","กรุณาแจ้ง: เลขที่ใบคำขอ; เลขกรมธรรม์; เลขที่หน้าตาราง; ชื่อ-นามสกุล; ภาพหน้าจอหรือข้อความ Error; เวลาที่พบปัญหา","Incident","P2 High","เปิดเคสและส่งต่อ IT Helpdesk","IT Helpdesk","Medium","Ready for Pilot","Active","0","ตอบเฉพาะ Approved_Answer; หากคำถามไม่ตรงหรือข้อมูลไม่ครบให้ถามเพิ่ม/เปิดเคส; ห้ามเดาสาเหตุหรือขั้นตอน","56"
"KB-057","PCS","Policy Issue & Integration","ข้อมูล PCS ที่ Ref ไม่ Stamp","ข้อมูล PCS ที่ Ref ไม่ Stamp | ข้อมูล PCS ที่ Ref ไม่ Stamp | ข้อมูล PCS ที่ Ref ไม่ Stamp","PCS, Policy Issue & Integration, ข้อมูล PCS ที่ Ref ไม่ Stamp, IT Helpdesk","เลขที่ใบคำขอ; เลขกรมธรรม์; เลขที่หน้าตาราง; ชื่อ-นามสกุล; ภาพหน้าจอหรือข้อความ Error; เวลาที่พบปัญหา","กรุณาเปิดเคสผ่าน SysAid ในหัวข้อ “ข้อมูล PCS ที่ Ref ไม่ Stamp” พร้อมแนบข้อมูลที่จำเป็น ทีม IT Helpdesk จะตรวจสอบต่อ โดย Agent จะไม่คาดเดาสาเหตุหรือผลการแก้ไข","กรุณาแจ้ง: เลขที่ใบคำขอ; เลขกรมธรรม์; เลขที่หน้าตาราง; ชื่อ-นามสกุล; ภาพหน้าจอหรือข้อความ Error; เวลาที่พบปัญหา","Incident","P2 High","เปิดเคสและส่งต่อ IT Helpdesk","IT Helpdesk","Medium","Ready for Pilot","Active","0","ตอบเฉพาะ Approved_Answer; หากคำถามไม่ตรงหรือข้อมูลไม่ครบให้ถามเพิ่ม/เปิดเคส; ห้ามเดาสาเหตุหรือขั้นตอน","57"
"KB-058","CMI Online","General Support","ซื้อ พ.ร.บ. ออนไลน์แล้วระบบไม่แสดง QR Code","ซื้อ พ.ร.บ. ออนไลน์แล้วระบบไม่แสดง QR Code | ซื้อ พ.ร.บ. ออนไลน์แล้วระบบไม่แสดง QR Code | ซื้อ พ.ร.บ. ออนไลน์แล้วระบบไม่แสดง QR Code","CMI Online, General Support, ซื้อ พ.ร.บ. ออนไลน์แล้วไม่แสดง QR Code, IT Helpdesk","เลขที่ใบคำขอ; เลขกรมธรรม์; เลขที่หน้าตาราง; ชื่อ-นามสกุล; ภาพหน้าจอหรือข้อความ Error; เวลาที่พบปัญหา","กรุณาเปิดเคสผ่าน SysAid ในหัวข้อ “ซื้อ พ.ร.บ. ออนไลน์แล้วระบบไม่แสดง QR Code” พร้อมแนบข้อมูลที่จำเป็น ทีม IT Helpdesk จะตรวจสอบต่อ โดย Agent จะไม่คาดเดาสาเหตุหรือผลการแก้ไข","กรุณาแจ้ง: เลขที่ใบคำขอ; เลขกรมธรรม์; เลขที่หน้าตาราง; ชื่อ-นามสกุล; ภาพหน้าจอหรือข้อความ Error; เวลาที่พบปัญหา","Incident","P3 Normal","เปิดเคสและส่งต่อ IT Helpdesk","IT Helpdesk","Medium","Ready for Pilot","Active","0","ตอบเฉพาะ Approved_Answer; หากคำถามไม่ตรงหรือข้อมูลไม่ครบให้ถามเพิ่ม/เปิดเคส; ห้ามเดาสาเหตุหรือขั้นตอน","58"
"KB-059","DSS","Master Data & Underwriting","ขอเพิ่มรุ่นรถไฟฟ้า","ขอเพิ่มรุ่นรถไฟฟ้า | ขอเพิ่มรุ่นรถไฟฟ้า | ขอเพิ่มรุ่นรถไฟฟ้า","DSS, Master Data & Underwriting, ขอเพิ่มรุ่นรถไฟฟ้า, ฝ่ายรับประกันภัยรถยนต์","รายละเอียดรายการ; เลขอ้างอิงที่เกี่ยวข้อง; ภาพหน้าจอ (ถ้ามี); ชื่อ-นามสกุลผู้แจ้ง","รับทราบปัญหาครับ รายการนี้ยังต้องตรวจสอบคำตอบและเส้นทางส่งต่อกับเจ้าของข้อมูลก่อน เพื่อป้องกันการให้ข้อมูลผิด กรุณาส่งข้อมูลที่ระบุ แล้วระบบจะเปิดเคสให้ทีมที่เกี่ยวข้องตรวจสอบ","กรุณาแจ้ง: รายละเอียดรายการ; เลขอ้างอิงที่เกี่ยวข้อง; ภาพหน้าจอ (ถ้ามี); ชื่อ-นามสกุลผู้แจ้ง","Business Support","P3 Normal","เปิดเคสและส่งต่อ ฝ่ายรับประกันภัยรถยนต์","ฝ่ายรับประกันภัยรถยนต์","Low","Review Required","Active","0","ตอบเฉพาะ Approved_Answer; หากคำถามไม่ตรงหรือข้อมูลไม่ครบให้ถามเพิ่ม/เปิดเคส; ห้ามเดาสาเหตุหรือขั้นตอน","59"
"KB-060","RenewalMotor","Renewal","ระบบ PR แล้ว แต่ไม่สามารถดึงต่ออายุได้","ระบบ PR แล้ว แต่ไม่สามารถดึงต่ออายุได้ | ระบบ PR แล้ว แต่ทำไม่ได้ดึงต่ออายุได้ | ระบบ PR แล้ว แต่ไม่สามารถดึงต่ออายุได้","RenewalMotor, Renewal, PR แล้ว แต่ไม่สามารถดึงต่ออายุได้, IT Helpdesk","เลขที่ใบคำขอ; เลขกรมธรรม์; เลขที่หน้าตาราง; ชื่อ-นามสกุล; ภาพหน้าจอหรือข้อความ Error; เวลาที่พบปัญหา","กรุณาเปิดเคสผ่าน SysAid ในหัวข้อ “ระบบ PR แล้ว แต่ไม่สามารถดึงต่ออายุได้” พร้อมแนบข้อมูลที่จำเป็น ทีม IT Helpdesk จะตรวจสอบต่อ โดย Agent จะไม่คาดเดาสาเหตุหรือผลการแก้ไข","กรุณาแจ้ง: เลขที่ใบคำขอ; เลขกรมธรรม์; เลขที่หน้าตาราง; ชื่อ-นามสกุล; ภาพหน้าจอหรือข้อความ Error; เวลาที่พบปัญหา","Incident","P2 High","เปิดเคสและส่งต่อ IT Helpdesk","IT Helpdesk","Medium","Ready for Pilot","Active","0","ตอบเฉพาะ Approved_Answer; หากคำถามไม่ตรงหรือข้อมูลไม่ครบให้ถามเพิ่ม/เปิดเคส; ห้ามเดาสาเหตุหรือขั้นตอน","60"
"KB-061","DSS","Policy Issue & Integration","ระบบ DSS ไม่ Import Text File Counter Service Offline","ระบบ DSS ไม่ Import Text File Counter Service Offline | ระบบ DSS ไม่ Import Text File Counter Service Offline | DSS ไม่ Import Text File Counter Service Offline","DSS, Policy Issue & Integration, DSS ไม่ Import Text File Counter Service Offline, IT Helpdesk","เลขที่ใบคำขอ; เลขกรมธรรม์; เลขที่หน้าตาราง; ชื่อ-นามสกุล; ภาพหน้าจอหรือข้อความ Error; เวลาที่พบปัญหา","กรุณาเปิดเคสผ่าน SysAid ในหัวข้อ “ระบบ DSS ไม่ Import Text File Counter Service Offline” พร้อมแนบข้อมูลที่จำเป็น ทีม IT Helpdesk จะตรวจสอบต่อ โดย Agent จะไม่คาดเดาสาเหตุหรือผลการแก้ไข","กรุณาแจ้ง: เลขที่ใบคำขอ; เลขกรมธรรม์; เลขที่หน้าตาราง; ชื่อ-นามสกุล; ภาพหน้าจอหรือข้อความ Error; เวลาที่พบปัญหา","Incident","P2 High","เปิดเคสและส่งต่อ IT Helpdesk","IT Helpdesk","Medium","Ready for Pilot","Active","0","ตอบเฉพาะ Approved_Answer; หากคำถามไม่ตรงหรือข้อมูลไม่ครบให้ถามเพิ่ม/เปิดเคส; ห้ามเดาสาเหตุหรือขั้นตอน","61"
"KB-062","DSS","Policy Issue & Integration","ไม่สามารถสั่งพิมพ์กรมธรรม์ในระบบ DSS ได้","ไม่สามารถสั่งพิมพ์กรมธรรม์ในระบบ DSS ได้ | ทำไม่ได้สั่งพิมพ์กรมธรรม์ในระบบ DSS ได้ | ไม่สามารถสั่งพิมพ์กรมธรรม์ในDSS ได้","DSS, Policy Issue & Integration, ไม่สามารถสั่งพิมพ์กรมธรรม์ DSS ได้, IT Helpdesk","เลขที่ใบคำขอ; เลขกรมธรรม์; เลขที่หน้าตาราง; ชื่อ-นามสกุล; ภาพหน้าจอหรือข้อความ Error; เวลาที่พบปัญหา","กรุณาเปิดเคสผ่าน SysAid ในหัวข้อ “ไม่สามารถสั่งพิมพ์กรมธรรม์ในระบบ DSS ได้” พร้อมแนบข้อมูลที่จำเป็น ทีม IT Helpdesk จะตรวจสอบต่อ โดย Agent จะไม่คาดเดาสาเหตุหรือผลการแก้ไข","กรุณาแจ้ง: เลขที่ใบคำขอ; เลขกรมธรรม์; เลขที่หน้าตาราง; ชื่อ-นามสกุล; ภาพหน้าจอหรือข้อความ Error; เวลาที่พบปัญหา","Incident","P2 High","เปิดเคสและส่งต่อ IT Helpdesk","IT Helpdesk","Medium","Ready for Pilot","Active","0","ตอบเฉพาะ Approved_Answer; หากคำถามไม่ตรงหรือข้อมูลไม่ครบให้ถามเพิ่ม/เปิดเคส; ห้ามเดาสาเหตุหรือขั้นตอน","62"
"KB-063","DSS","Policy Issue & Integration","Issue ไม่สำเร็จ","Issue ไม่สำเร็จ | Issue ไม่สำเร็จ | Issue ไม่สำเร็จ","DSS, Policy Issue & Integration, Issue ไม่สำเร็จ, IT Helpdesk","เลขที่ใบคำขอ; เลขกรมธรรม์; เลขที่หน้าตาราง; ชื่อ-นามสกุล; ภาพหน้าจอหรือข้อความ Error; เวลาที่พบปัญหา","รับทราบปัญหาครับ รายการนี้ยังต้องตรวจสอบคำตอบและเส้นทางส่งต่อกับเจ้าของข้อมูลก่อน เพื่อป้องกันการให้ข้อมูลผิด กรุณาส่งข้อมูลที่ระบุ แล้วระบบจะเปิดเคสให้ทีมที่เกี่ยวข้องตรวจสอบ","กรุณาแจ้ง: เลขที่ใบคำขอ; เลขกรมธรรม์; เลขที่หน้าตาราง; ชื่อ-นามสกุล; ภาพหน้าจอหรือข้อความ Error; เวลาที่พบปัญหา","Incident","P2 High","เปิดเคสและส่งต่อ IT Helpdesk","IT Helpdesk","Low","Review Required","Active","0","ตอบเฉพาะ Approved_Answer; หากคำถามไม่ตรงหรือข้อมูลไม่ครบให้ถามเพิ่ม/เปิดเคส; ห้ามเดาสาเหตุหรือขั้นตอน","63"
"KB-064","DSS","Policy Issue & Integration","ใบคำขอติดสถานะหย่อน Polisy400 ไม่สำเร็จ","ใบคำขอติดสถานะหย่อน Polisy400 ไม่สำเร็จ | ใบคำขอติดสถานะหย่อน Polisy400 ไม่สำเร็จ | ใบคำขอติดสถานะหย่อน Polisy400 ไม่สำเร็จ","DSS, Policy Issue & Integration, ใบคำขอติดสถานะหย่อน Polisy400 ไม่สำเร็จ, ฝ่ายรับประกันภัยรถยนต์","รายละเอียดรายการ; เลขอ้างอิงที่เกี่ยวข้อง; ภาพหน้าจอ (ถ้ามี); ชื่อ-นามสกุลผู้แจ้ง","รายการนี้อยู่ในความรับผิดชอบของฝ่ายรับประกันภัยรถยนต์ กรุณาส่งรายละเอียดที่จำเป็นเพื่อให้ตรวจสอบเรื่อง “ใบคำขอติดสถานะหย่อน Polisy400 ไม่สำเร็จ” โดย Agent จะไม่คาดเดาวิธีแก้ไข","กรุณาแจ้ง: รายละเอียดรายการ; เลขอ้างอิงที่เกี่ยวข้อง; ภาพหน้าจอ (ถ้ามี); ชื่อ-นามสกุลผู้แจ้ง","Incident","P2 High","เปิดเคสและส่งต่อ ฝ่ายรับประกันภัยรถยนต์","ฝ่ายรับประกันภัยรถยนต์","Medium","Ready for Pilot","Active","0","ตอบเฉพาะ Approved_Answer; หากคำถามไม่ตรงหรือข้อมูลไม่ครบให้ถามเพิ่ม/เปิดเคส; ห้ามเดาสาเหตุหรือขั้นตอน","64"
"KB-065","DSS","General Support","ตัดกรมธรรม์สำเร็จและใบรับเงินออกแล้ว แต่สถานะข้อมูลไม่สอดคล้อง","ตัดกรมธรรม์สำเร็จและใบรับเงินออกแล้ว แต่สถานะข้อมูลไม่สอดคล้อง | ตัดกรมธรรม์สำเร็จและใบรับเงินออกแล้ว แต่สถานะข้อมูลไม่สอดคล้อง | ตัดกรมธรรม์สำเร็จและใบรับเงินออกแล้ว แต่สถานะข้อมูลไม่สอดคล้อง","DSS, General Support, ตัดกรมธรรม์สำเร็จและใบรับเงินออกแล้ว แต่สถานะข้อมูลไม่สอดคล้อง, IT Helpdesk","เลขที่ใบคำขอ; เลขกรมธรรม์; เลขที่หน้าตาราง; ชื่อ-นามสกุล; ภาพหน้าจอหรือข้อความ Error; เวลาที่พบปัญหา","รับทราบปัญหาครับ รายการนี้ยังต้องตรวจสอบคำตอบและเส้นทางส่งต่อกับเจ้าของข้อมูลก่อน เพื่อป้องกันการให้ข้อมูลผิด กรุณาส่งข้อมูลที่ระบุ แล้วระบบจะเปิดเคสให้ทีมที่เกี่ยวข้องตรวจสอบ","กรุณาแจ้ง: เลขที่ใบคำขอ; เลขกรมธรรม์; เลขที่หน้าตาราง; ชื่อ-นามสกุล; ภาพหน้าจอหรือข้อความ Error; เวลาที่พบปัญหา","Incident","P3 Normal","เปิดเคสและส่งต่อ IT Helpdesk","IT Helpdesk","Low","Review Required","Active","0","ตอบเฉพาะ Approved_Answer; หากคำถามไม่ตรงหรือข้อมูลไม่ครบให้ถามเพิ่ม/เปิดเคส; ห้ามเดาสาเหตุหรือขั้นตอน","65"
"KB-066","DSS","Policy Issue & Integration","Issue พ.ร.บ. และออกใบรับเงินอัตโนมัติแล้ว แต่ดึงข้อมูลมาพิมพ์ไม่ได้","Issue พ.ร.บ. และออกใบรับเงินอัตโนมัติแล้ว แต่ดึงข้อมูลมาพิมพ์ไม่ได้ | Issue พ.ร.บ. และออกใบรับเงินอัตโนมัติแล้ว แต่ดึงข้อมูลมาพิมพ์ไม่ได้ | Issue พ.ร.บ. และออกใบรับเงินอัตโนมัติแล้ว แต่ดึงข้อมูลมาพิมพ์ไม่ได้","DSS, Policy Issue & Integration, Issue พ.ร.บ. และออกใบรับเงินอัตโนมัติแล้ว แต่ดึงข้อมูลมาพิมพ์ไม่ได้, IT Helpdesk","เลขที่ใบคำขอ; เลขกรมธรรม์; เลขที่หน้าตาราง; ชื่อ-นามสกุล; ภาพหน้าจอหรือข้อความ Error; เวลาที่พบปัญหา","กรุณาเปิดเคสผ่าน SysAid ในหัวข้อ “Issue พ.ร.บ. และออกใบรับเงินอัตโนมัติแล้ว แต่ดึงข้อมูลมาพิมพ์ไม่ได้” พร้อมแนบข้อมูลที่จำเป็น ทีม IT Helpdesk จะตรวจสอบต่อ โดย Agent จะไม่คาดเดาสาเหตุหรือผลการแก้ไข","กรุณาแจ้ง: เลขที่ใบคำขอ; เลขกรมธรรม์; เลขที่หน้าตาราง; ชื่อ-นามสกุล; ภาพหน้าจอหรือข้อความ Error; เวลาที่พบปัญหา","Incident","P2 High","เปิดเคสและส่งต่อ IT Helpdesk","IT Helpdesk","Medium","Ready for Pilot","Active","0","ตอบเฉพาะ Approved_Answer; หากคำถามไม่ตรงหรือข้อมูลไม่ครบให้ถามเพิ่ม/เปิดเคส; ห้ามเดาสาเหตุหรือขั้นตอน","66"
"KB-067","DSS","General Support","ไม่สามารถส่งข้อมูลกลับไปแก้ไขในระบบ DSS ได้","ไม่สามารถส่งข้อมูลกลับไปแก้ไขในระบบ DSS ได้ | ทำไม่ได้ส่งข้อมูลกลับไปแก้ไขในระบบ DSS ได้ | ไม่สามารถส่งข้อมูลกลับไปแก้ไขในDSS ได้","DSS, General Support, ไม่สามารถส่งข้อมูลกลับไปแก้ไข DSS ได้, IT Helpdesk","เลขที่ใบคำขอ; เลขกรมธรรม์; เลขที่หน้าตาราง; ชื่อ-นามสกุล; ภาพหน้าจอหรือข้อความ Error; เวลาที่พบปัญหา","กรุณาเปิดเคสผ่าน SysAid ในหัวข้อ “ไม่สามารถส่งข้อมูลกลับไปแก้ไขในระบบ DSS ได้” พร้อมแนบข้อมูลที่จำเป็น ทีม IT Helpdesk จะตรวจสอบต่อ โดย Agent จะไม่คาดเดาสาเหตุหรือผลการแก้ไข","กรุณาแจ้ง: เลขที่ใบคำขอ; เลขกรมธรรม์; เลขที่หน้าตาราง; ชื่อ-นามสกุล; ภาพหน้าจอหรือข้อความ Error; เวลาที่พบปัญหา","Incident","P3 Normal","เปิดเคสและส่งต่อ IT Helpdesk","IT Helpdesk","Medium","Ready for Pilot","Active","0","ตอบเฉพาะ Approved_Answer; หากคำถามไม่ตรงหรือข้อมูลไม่ครบให้ถามเพิ่ม/เปิดเคส; ห้ามเดาสาเหตุหรือขั้นตอน","67"
"KB-068","DSS","General Support","ใบตรวจสอบไม่แสดงยี่ห้อหรือรุ่นรถยนต์","ใบตรวจสอบไม่แสดงยี่ห้อหรือรุ่นรถยนต์ | ใบตรวจสอบไม่แสดงยี่ห้อหรือรุ่นรถยนต์ | ใบตรวจสอบไม่แสดงยี่ห้อหรือรุ่นรถยนต์","DSS, General Support, ใบตรวจสอบไม่แสดงยี่ห้อหรือรุ่นรถยนต์, IT Helpdesk","เลขที่ใบคำขอ; เลขกรมธรรม์; เลขที่หน้าตาราง; ชื่อ-นามสกุล; ภาพหน้าจอหรือข้อความ Error; เวลาที่พบปัญหา","รับทราบปัญหาครับ รายการนี้ยังต้องตรวจสอบคำตอบและเส้นทางส่งต่อกับเจ้าของข้อมูลก่อน เพื่อป้องกันการให้ข้อมูลผิด กรุณาส่งข้อมูลที่ระบุ แล้วระบบจะเปิดเคสให้ทีมที่เกี่ยวข้องตรวจสอบ","กรุณาแจ้ง: เลขที่ใบคำขอ; เลขกรมธรรม์; เลขที่หน้าตาราง; ชื่อ-นามสกุล; ภาพหน้าจอหรือข้อความ Error; เวลาที่พบปัญหา","Incident","P3 Normal","เปิดเคสและส่งต่อ IT Helpdesk","IT Helpdesk","Low","Review Required","Active","0","ตอบเฉพาะ Approved_Answer; หากคำถามไม่ตรงหรือข้อมูลไม่ครบให้ถามเพิ่ม/เปิดเคส; ห้ามเดาสาเหตุหรือขั้นตอน","68"
"KB-069","DSS","Policy Issue & Integration","ออกกรมธรรม์สำเร็จแล้ว แต่เลขกรมธรรม์ไม่ขึ้น","ออกกรมธรรม์สำเร็จแล้ว แต่เลขกรมธรรม์ไม่ขึ้น | ออกกรมธรรม์สำเร็จแล้ว แต่เลขกรมธรรม์ไม่ขึ้น | ออกกรมธรรม์สำเร็จแล้ว แต่เลขกรมธรรม์ไม่ขึ้น","DSS, Policy Issue & Integration, ออกกรมธรรม์สำเร็จแล้ว แต่เลขกรมธรรม์ไม่ขึ้น, IT Helpdesk","เลขที่ใบคำขอ; เลขกรมธรรม์; เลขที่หน้าตาราง; ชื่อ-นามสกุล; ภาพหน้าจอหรือข้อความ Error; เวลาที่พบปัญหา","กรุณาเปิดเคสผ่าน SysAid ในหัวข้อ “ออกกรมธรรม์สำเร็จแล้ว แต่เลขกรมธรรม์ไม่ขึ้น” พร้อมแนบข้อมูลที่จำเป็น ทีม IT Helpdesk จะตรวจสอบต่อ โดย Agent จะไม่คาดเดาสาเหตุหรือผลการแก้ไข","กรุณาแจ้ง: เลขที่ใบคำขอ; เลขกรมธรรม์; เลขที่หน้าตาราง; ชื่อ-นามสกุล; ภาพหน้าจอหรือข้อความ Error; เวลาที่พบปัญหา","Incident","P2 High","เปิดเคสและส่งต่อ IT Helpdesk","IT Helpdesk","Medium","Ready for Pilot","Active","0","ตอบเฉพาะ Approved_Answer; หากคำถามไม่ตรงหรือข้อมูลไม่ครบให้ถามเพิ่ม/เปิดเคส; ห้ามเดาสาเหตุหรือขั้นตอน","69"
"KB-070","DSS","Policy Issue & Integration","ระบบ DSS ส่ง API ไม่ผ่าน","ระบบ DSS ส่ง API ไม่ผ่าน | ระบบ DSS ส่ง API ไม่ผ่าน | DSS ส่ง API ไม่ผ่าน","DSS, Policy Issue & Integration, DSS ส่ง API ไม่ผ่าน, IT / Infrastructure","ข้อความ Error; ภาพหน้าจอ; เวลาที่พบปัญหา; User/Agent/Source; ผลกระทบและจำนวนผู้ใช้งาน","กรุณาเปิดเคสผ่าน SysAid ในหัวข้อ “ระบบ DSS ส่ง API ไม่ผ่าน” พร้อมแนบข้อมูลที่จำเป็น ทีม IT / Infrastructure จะตรวจสอบต่อ โดย Agent จะไม่คาดเดาสาเหตุหรือผลการแก้ไข","กรุณาแจ้ง: ข้อความ Error; ภาพหน้าจอ; เวลาที่พบปัญหา; User/Agent/Source; ผลกระทบและจำนวนผู้ใช้งาน","Incident","P2 High","เปิดเคสและส่งต่อ IT / Infrastructure","IT / Infrastructure","Medium","Ready for Pilot","Active","0","ตอบเฉพาะ Approved_Answer; หากคำถามไม่ตรงหรือข้อมูลไม่ครบให้ถามเพิ่ม/เปิดเคส; ห้ามเดาสาเหตุหรือขั้นตอน","70"
"KB-071","DSS","Policy Issue & Integration","งานต่ออายุเข้าระบบ DSS แล้ว แต่ตัวแทนพิมพ์กรมธรรม์ไม่ได้","งานต่ออายุเข้าระบบ DSS แล้ว แต่ตัวแทนพิมพ์กรมธรรม์ไม่ได้ | งานต่ออายุเข้าระบบ DSS แล้ว แต่ตัวแทนพิมพ์กรมธรรม์ไม่ได้ | งานต่ออายุเข้าDSS แล้ว แต่ตัวแทนพิมพ์กรมธรรม์ไม่ได้","DSS, Policy Issue & Integration, งานต่ออายุเข้า DSS แล้ว แต่ตัวแทนพิมพ์กรมธรรม์ไม่ได้, IT Helpdesk","เลขที่ใบคำขอ; เลขกรมธรรม์; เลขที่หน้าตาราง; ชื่อ-นามสกุล; ภาพหน้าจอหรือข้อความ Error; เวลาที่พบปัญหา","กรุณาเปิดเคสผ่าน SysAid ในหัวข้อ “งานต่ออายุเข้าระบบ DSS แล้ว แต่ตัวแทนพิมพ์กรมธรรม์ไม่ได้” พร้อมแนบข้อมูลที่จำเป็น ทีม IT Helpdesk จะตรวจสอบต่อ โดย Agent จะไม่คาดเดาสาเหตุหรือผลการแก้ไข","กรุณาแจ้ง: เลขที่ใบคำขอ; เลขกรมธรรม์; เลขที่หน้าตาราง; ชื่อ-นามสกุล; ภาพหน้าจอหรือข้อความ Error; เวลาที่พบปัญหา","Incident","P2 High","เปิดเคสและส่งต่อ IT Helpdesk","IT Helpdesk","Medium","Ready for Pilot","Active","0","ตอบเฉพาะ Approved_Answer; หากคำถามไม่ตรงหรือข้อมูลไม่ครบให้ถามเพิ่ม/เปิดเคส; ห้ามเดาสาเหตุหรือขั้นตอน","71"
"KB-072","DSS","Payment & Credit","ระบบ DSS แจ้งว่าไม่มีเงินในเครดิต","ระบบ DSS แจ้งว่าไม่มีเงินในเครดิต | ระบบ DSS แจ้งว่าไม่มีเงินในเครดิต | DSS แจ้งว่าไม่มีเงินในเครดิต","DSS, Payment & Credit, DSS แจ้งว่าไม่มีเงินในเครดิต, IT Helpdesk","Agent; Source; ชื่อ-นามสกุล; ยอดเครดิตที่แสดง; ภาพหน้าจอ","กรุณาเปิดเคสผ่าน SysAid ในหัวข้อ “ระบบ DSS แจ้งว่าไม่มีเงินในเครดิต” พร้อมแนบข้อมูลที่จำเป็น ทีม IT Helpdesk จะตรวจสอบต่อ โดย Agent จะไม่คาดเดาสาเหตุหรือผลการแก้ไข","กรุณาแจ้ง: Agent; Source; ชื่อ-นามสกุล; ยอดเครดิตที่แสดง; ภาพหน้าจอ","Incident","P2 High","เปิดเคสและส่งต่อ IT Helpdesk","IT Helpdesk","Medium","Ready for Pilot","Active","0","ตอบเฉพาะ Approved_Answer; หากคำถามไม่ตรงหรือข้อมูลไม่ครบให้ถามเพิ่ม/เปิดเคส; ห้ามเดาสาเหตุหรือขั้นตอน","72"
"KB-073","Carcheck","System Incident","ระบบตรวจสภาพไม่สามารถแนบรูปได้","ระบบตรวจสภาพไม่สามารถแนบรูปได้ | ระบบตรวจสภาพทำไม่ได้แนบรูปได้ | ระบบตรวจสภาพไม่สามารถแนบรูปได้","Carcheck, System Incident, ตรวจสภาพไม่สามารถแนบรูปได้, IT / SA","ข้อความ Error; ภาพหน้าจอ; เวลาที่พบปัญหา; User/Agent/Source; ผลกระทบและจำนวนผู้ใช้งาน","กรุณาเปิดเคสผ่าน SysAid ในหัวข้อ “ระบบตรวจสภาพไม่สามารถแนบรูปได้” พร้อมแนบข้อมูลที่จำเป็น ทีม IT / SA จะตรวจสอบต่อ โดย Agent จะไม่คาดเดาสาเหตุหรือผลการแก้ไข","กรุณาแจ้ง: ข้อความ Error; ภาพหน้าจอ; เวลาที่พบปัญหา; User/Agent/Source; ผลกระทบและจำนวนผู้ใช้งาน","Incident","P2 High","เปิดเคสและส่งต่อ IT / SA","IT / SA","Medium","Ready for Pilot","Active","0","ตอบเฉพาะ Approved_Answer; หากคำถามไม่ตรงหรือข้อมูลไม่ครบให้ถามเพิ่ม/เปิดเคส; ห้ามเดาสาเหตุหรือขั้นตอน","73"
"KB-074","DSS","Payment & Credit","วงเงินเครดิตเต็ม ทำให้ไม่สามารถใช้งานระบบ DSS ได้","วงเงินเครดิตเต็ม ทำให้ไม่สามารถใช้งานระบบ DSS ได้ | วงเงินเครดิตเต็ม ทำให้ทำไม่ได้ใช้งานระบบ DSS ได้ | วงเงินเครดิตเต็ม ทำให้ไม่สามารถใช้งานDSS ได้","DSS, Payment & Credit, วงเงินเครดิตเต็ม ทำให้ไม่สามารถใช้งาน DSS ได้, IT / SA","Agent; Source; ชื่อ-นามสกุล; ยอดเครดิตที่แสดง; ภาพหน้าจอ","กรุณาเปิดเคสผ่าน SysAid ในหัวข้อ “วงเงินเครดิตเต็ม ทำให้ไม่สามารถใช้งานระบบ DSS ได้” พร้อมแนบข้อมูลที่จำเป็น ทีม IT / SA จะตรวจสอบต่อ โดย Agent จะไม่คาดเดาสาเหตุหรือผลการแก้ไข","กรุณาแจ้ง: Agent; Source; ชื่อ-นามสกุล; ยอดเครดิตที่แสดง; ภาพหน้าจอ","Incident","P2 High","เปิดเคสและส่งต่อ IT / SA","IT / SA","Medium","Ready for Pilot","Active","0","ตอบเฉพาะ Approved_Answer; หากคำถามไม่ตรงหรือข้อมูลไม่ครบให้ถามเพิ่ม/เปิดเคส; ห้ามเดาสาเหตุหรือขั้นตอน","74"
